-- phpMyAdmin SQL Dump
-- version 5.2.1
-- https://www.phpmyadmin.net/
--
-- Host: localhost:3306
-- Generation Time: Oct 07, 2023 at 11:11 AM
-- Server version: 8.0.34
-- PHP Version: 8.1.16

SET SQL_MODE = "NO_AUTO_VALUE_ON_ZERO";
START TRANSACTION;
SET time_zone = "+00:00";


/*!40101 SET @OLD_CHARACTER_SET_CLIENT=@@CHARACTER_SET_CLIENT */;
/*!40101 SET @OLD_CHARACTER_SET_RESULTS=@@CHARACTER_SET_RESULTS */;
/*!40101 SET @OLD_COLLATION_CONNECTION=@@COLLATION_CONNECTION */;
/*!40101 SET NAMES utf8mb4 */;

--
-- Database: `dreamcar_db`
--

-- --------------------------------------------------------

--
-- Table structure for table `invledger`
--

CREATE TABLE IF NOT EXISTS `invledger` (
  `tslno` int NOT NULL AUTO_INCREMENT,
  `tdate` datetime DEFAULT NULL,
  `particulars` varchar(100) DEFAULT NULL,
  `income` double DEFAULT '0',
  `withdrawal` double DEFAULT '0',
  `remarks` varchar(100) DEFAULT NULL,
  `memid` int DEFAULT NULL,
  KEY `tslno` (`tslno`)
) ENGINE=InnoDB AUTO_INCREMENT=206 DEFAULT CHARSET=utf8mb3;

--
-- Dumping data for table `invledger`
--

INSERT INTO `invledger` (`tslno`, `tdate`, `particulars`, `income`, `withdrawal`, `remarks`, `memid`) VALUES
(7, '2023-08-26 15:12:54', 'Purchase', 0, 1000, NULL, 1),
(8, '2023-08-26 15:12:54', 'Received@Purchase', 1000, 0, 'Cash', 1),
(9, '2023-08-27 07:16:19', 'Purchase', 0, 1000, NULL, 2),
(10, '2023-08-27 07:16:19', 'Received@Purchase', 1000, 0, 'Cash', 2),
(11, '2023-08-27 07:28:44', 'Purchase', 0, 1000, NULL, 3),
(12, '2023-08-27 07:28:44', 'Received@Purchase', 1000, 0, 'Cash', 3),
(13, '2023-08-27 07:31:11', 'Purchase', 0, 1000, NULL, 4),
(14, '2023-08-27 07:31:11', 'Received@Purchase', 1000, 0, 'Cash', 4),
(15, '2023-08-27 07:34:06', 'Purchase', 0, 1000, NULL, 5),
(16, '2023-08-27 07:34:06', 'Received@Purchase', 1000, 0, 'Cash', 5),
(17, '2023-08-27 08:26:07', 'Purchase', 0, 1000, NULL, 6),
(18, '2023-08-27 08:26:07', 'Received@Purchase', 1000, 0, 'Cash', 6),
(19, '2023-08-27 08:34:00', 'Purchase', 0, 1050, NULL, 7),
(20, '2023-08-27 08:34:00', 'Received@Purchase', 1050, 0, 'Cash', 7),
(21, '2023-08-27 08:37:24', 'Purchase', 0, 1050, NULL, 8),
(22, '2023-08-27 08:37:24', 'Received@Purchase', 1050, 0, 'Cash', 8),
(23, '2023-08-27 08:39:25', 'Purchase', 0, 1050, NULL, 9),
(24, '2023-08-27 08:39:25', 'Received@Purchase', 1050, 0, 'Cash', 9),
(25, '2023-08-27 10:21:34', 'Purchase', 0, 1000, NULL, 10),
(26, '2023-08-27 10:21:34', 'Received@Purchase', 1000, 0, 'Cash', 10),
(27, '2023-08-27 11:01:50', 'Purchase', 0, 1000, NULL, 11),
(28, '2023-08-27 11:01:50', 'Received@Purchase', 1000, 0, 'Cash', 11),
(29, '2023-08-27 11:24:54', 'Purchase', 0, 1000, NULL, 12),
(30, '2023-08-27 11:24:54', 'Received@Purchase', 1000, 0, 'Cash', 12),
(31, '2023-08-27 11:54:12', 'Purchase', 0, 1000, NULL, 13),
(32, '2023-08-27 11:54:12', 'Received@Purchase', 1000, 0, 'Cash', 13),
(33, '2023-08-27 11:59:07', 'Purchase', 0, 1000, NULL, 14),
(34, '2023-08-27 11:59:07', 'Received@Purchase', 1000, 0, 'Cash', 14),
(35, '2023-08-27 16:07:33', 'Purchase', 0, 1000, NULL, 15),
(36, '2023-08-27 16:07:33', 'Received@Purchase', 1000, 0, 'Cash', 15),
(37, '2023-08-27 16:10:00', 'Purchase', 0, 1000, NULL, 16),
(38, '2023-08-27 16:10:00', 'Received@Purchase', 1000, 0, 'Cash', 16),
(39, '2023-08-27 16:12:03', 'Purchase', 0, 1000, NULL, 17),
(40, '2023-08-27 16:12:03', 'Received@Purchase', 1000, 0, 'Cash', 17),
(41, '2023-08-28 04:20:32', 'Purchase', 0, 1000, NULL, 18),
(42, '2023-08-28 04:20:32', 'Received@Purchase', 1000, 0, 'Cash', 18),
(43, '2023-08-28 04:22:20', 'Purchase', 0, 1000, NULL, 19),
(44, '2023-08-28 04:22:20', 'Received@Purchase', 1000, 0, 'Cash', 19),
(45, '2023-08-28 04:24:51', 'Purchase', 0, 1000, NULL, 20),
(46, '2023-08-28 04:24:51', 'Received@Purchase', 1000, 0, 'Cash', 20),
(47, '2023-08-28 04:27:15', 'Purchase', 0, 1000, NULL, 21),
(48, '2023-08-28 04:27:15', 'Received@Purchase', 1000, 0, 'Cash', 21),
(49, '2023-08-28 04:28:47', 'Purchase', 0, 1000, NULL, 22),
(50, '2023-08-28 04:28:47', 'Received@Purchase', 1000, 0, 'Cash', 22),
(51, '2023-08-28 04:30:22', 'Purchase', 0, 1000, NULL, 23),
(52, '2023-08-28 04:30:22', 'Received@Purchase', 1000, 0, 'Cash', 23),
(53, '2023-08-28 04:32:37', 'Purchase', 0, 1000, NULL, 24),
(54, '2023-08-28 04:32:37', 'Received@Purchase', 1000, 0, 'Cash', 24),
(55, '2023-08-28 04:34:24', 'Purchase', 0, 1000, NULL, 25),
(56, '2023-08-28 04:34:24', 'Received@Purchase', 1000, 0, 'Cash', 25),
(57, '2023-08-28 04:36:39', 'Purchase', 0, 1000, NULL, 26),
(58, '2023-08-28 04:36:39', 'Received@Purchase', 1000, 0, 'Cash', 26),
(59, '2023-08-28 05:10:35', 'Purchase', 0, 1000, NULL, 27),
(60, '2023-08-28 05:10:35', 'Received@Purchase', 1000, 0, 'Cash', 27),
(61, '2023-08-28 05:12:38', 'Purchase', 0, 1000, NULL, 28),
(62, '2023-08-28 05:12:38', 'Received@Purchase', 1000, 0, 'Cash', 28),
(63, '2023-08-28 05:15:08', 'Purchase', 0, 1000, NULL, 29),
(64, '2023-08-28 05:15:08', 'Received@Purchase', 1000, 0, 'Cash', 29),
(65, '2023-08-28 05:17:42', 'Purchase', 0, 1000, NULL, 30),
(66, '2023-08-28 05:17:42', 'Received@Purchase', 1000, 0, 'Cash', 30),
(67, '2023-08-28 05:19:40', 'Purchase', 0, 1000, NULL, 31),
(68, '2023-08-28 05:19:40', 'Received@Purchase', 1000, 0, 'Cash', 31),
(69, '2023-08-28 05:20:54', 'Purchase', 0, 1000, NULL, 32),
(70, '2023-08-28 05:20:54', 'Received@Purchase', 1000, 0, 'Cash', 32),
(71, '2023-08-28 05:21:56', 'Purchase', 0, 1000, NULL, 33),
(72, '2023-08-28 05:21:56', 'Received@Purchase', 1000, 0, 'Cash', 33),
(73, '2023-08-28 05:22:42', 'Purchase', 0, 1000, NULL, 34),
(74, '2023-08-28 05:22:42', 'Received@Purchase', 1000, 0, 'Cash', 34),
(75, '2023-08-28 05:38:20', 'Purchase', 0, 1000, NULL, 35),
(76, '2023-08-28 05:39:37', 'Purchase', 0, 1000, NULL, 36),
(77, '2023-08-28 05:39:37', 'Received@Purchase', 1000, 0, 'Cash', 36),
(78, '2023-08-28 05:40:10', 'Purchase', 0, 1000, NULL, 37),
(79, '2023-08-28 05:40:10', 'Received@Purchase', 1000, 0, 'Cash', 37),
(80, '2023-08-28 05:41:13', 'Purchase', 0, 1000, NULL, 38),
(81, '2023-08-28 05:41:13', 'Received@Purchase', 1000, 0, 'Cash', 38),
(82, '2023-08-28 05:45:41', 'Purchase', 0, 1000, NULL, 39),
(83, '2023-08-28 05:45:41', 'Received@Purchase', 1000, 0, 'Cash', 39),
(84, '2023-08-28 05:48:25', 'Purchase', 0, 1000, NULL, 40),
(85, '2023-08-28 05:48:25', 'Received@Purchase', 1000, 0, 'Cash', 40),
(86, '2023-08-28 05:50:25', 'Purchase', 0, 1000, NULL, 41),
(87, '2023-08-28 05:50:25', 'Received@Purchase', 1000, 0, 'Cash', 41),
(88, '2023-08-28 09:29:04', 'Purchase', 0, 1000, NULL, 42),
(89, '2023-08-28 09:29:04', 'Received@Purchase', 1000, 0, 'Cash', 42),
(90, '2023-08-28 09:30:57', 'Purchase', 0, 1000, NULL, 43),
(91, '2023-08-28 09:30:57', 'Received@Purchase', 1000, 0, 'Cash', 43),
(92, '2023-08-28 09:33:36', 'Purchase', 0, 1000, NULL, 44),
(93, '2023-08-28 09:33:36', 'Received@Purchase', 1000, 0, 'Cash', 44),
(94, '2023-08-28 09:34:44', 'Purchase', 0, 1000, NULL, 45),
(95, '2023-08-28 09:34:44', 'Received@Purchase', 1000, 0, 'Cash', 45),
(96, '2023-08-28 09:36:14', 'Purchase', 0, 1000, NULL, 46),
(97, '2023-08-28 09:36:14', 'Received@Purchase', 1000, 0, 'Cash', 46),
(98, '2023-08-28 09:37:06', 'Purchase', 0, 1000, NULL, 47),
(99, '2023-08-28 09:37:06', 'Received@Purchase', 1000, 0, 'Cash', 47),
(100, '2023-08-28 09:37:52', 'Purchase', 0, 1000, NULL, 48),
(101, '2023-08-28 09:37:52', 'Received@Purchase', 1000, 0, 'Cash', 48),
(102, '2023-08-28 09:38:41', 'Purchase', 0, 1000, NULL, 49),
(103, '2023-08-28 09:38:41', 'Received@Purchase', 1000, 0, 'Cash', 49),
(104, '2023-08-28 09:40:46', 'Purchase', 0, 1000, NULL, 50),
(105, '2023-08-28 09:40:46', 'Received@Purchase', 1000, 0, 'Cash', 50),
(106, '2023-08-28 09:41:57', 'Purchase', 0, 1000, NULL, 51),
(107, '2023-08-28 09:41:57', 'Received@Purchase', 1000, 0, 'Cash', 51),
(108, '2023-08-28 11:16:41', 'Purchase', 0, 1000, NULL, 52),
(109, '2023-08-28 11:16:41', 'Received@Purchase', 1000, 0, 'Cash', 52),
(110, '2023-08-28 11:23:05', 'Purchase', 0, 1000, NULL, 53),
(111, '2023-08-28 11:23:05', 'Received@Purchase', 1000, 0, 'Cash', 53),
(112, '2023-08-28 11:37:13', 'Purchase', 0, 1000, NULL, 54),
(113, '2023-08-28 11:37:13', 'Received@Purchase', 1000, 0, 'Cash', 54),
(114, '2023-08-28 11:38:29', 'Purchase', 0, 1000, NULL, 55),
(115, '2023-08-28 11:38:29', 'Received@Purchase', 1000, 0, 'Cash', 55),
(116, '2023-08-28 11:39:33', 'Purchase', 0, 1000, NULL, 56),
(117, '2023-08-28 11:39:33', 'Received@Purchase', 1000, 0, 'Cash', 56),
(118, '2023-08-28 11:40:51', 'Purchase', 0, 1000, NULL, 57),
(119, '2023-08-28 11:40:51', 'Received@Purchase', 1000, 0, 'Cash', 57),
(120, '2023-08-28 11:41:42', 'Purchase', 0, 1000, NULL, 58),
(121, '2023-08-28 11:41:42', 'Received@Purchase', 1000, 0, 'Cash', 58),
(122, '2023-08-28 11:42:29', 'Purchase', 0, 1000, NULL, 59),
(123, '2023-08-28 11:42:29', 'Received@Purchase', 1000, 0, 'Cash', 59),
(124, '2023-08-28 11:43:18', 'Purchase', 0, 1000, NULL, 60),
(125, '2023-08-28 11:43:18', 'Received@Purchase', 1000, 0, 'Cash', 60),
(126, '2023-08-28 11:44:25', 'Purchase', 0, 1000, NULL, 61),
(127, '2023-08-28 11:44:25', 'Received@Purchase', 1000, 0, 'Cash', 61),
(128, '2023-08-29 07:26:57', 'Purchase', 0, 1000, NULL, 62),
(129, '2023-08-29 07:26:57', 'Received@Purchase', 1000, 0, 'Cash', 62),
(130, '2023-08-30 07:50:41', 'Purchase', 0, 1000, NULL, 63),
(131, '2023-08-30 07:50:41', 'Received@Purchase', 1000, 0, 'Cash', 63),
(132, '2023-08-30 12:55:29', 'Purchase', 0, 1000, NULL, 64),
(133, '2023-08-30 12:55:29', 'Received@Purchase', 1000, 0, 'Cash', 64),
(134, '2023-08-30 13:19:56', 'Purchase', 0, 1000, NULL, 65),
(135, '2023-08-30 13:19:56', 'Received@Purchase', 1000, 0, 'Cash', 65),
(136, '2023-08-31 07:51:15', 'Purchase', 0, 1000, NULL, 66),
(137, '2023-08-31 07:51:15', 'Received@Purchase', 1000, 0, 'Cash', 66),
(138, '2023-09-01 07:46:52', 'Purchase', 0, 1000, NULL, 67),
(139, '2023-09-01 07:46:52', 'Received@Purchase', 1000, 0, 'Cash', 67),
(140, '2023-09-02 07:46:54', 'Purchase', 0, 1000, NULL, 68),
(141, '2023-09-02 07:46:54', 'Received@Purchase', 1000, 0, '324512640172', 68),
(142, '2023-09-02 08:03:30', 'Purchase', 0, 1000, NULL, 69),
(143, '2023-09-02 08:03:30', 'Received@Purchase', 1000, 0, 'Cash', 69),
(144, '2023-09-02 08:42:41', 'Purchase', 0, 1000, NULL, 70),
(145, '2023-09-02 08:42:41', 'Received@Purchase', 1000, 0, 'Cash', 70),
(146, '2023-09-02 09:07:29', 'Purchase', 0, 1000, NULL, 71),
(147, '2023-09-02 09:07:29', 'Received@Purchase', 1000, 0, 'Cash', 71),
(148, '2023-09-03 13:29:16', 'Purchase', 0, 1000, NULL, 72),
(149, '2023-09-03 13:29:16', 'Received@Purchase', 1000, 0, 'Cash', 72),
(150, '2023-09-03 13:40:14', 'Purchase', 0, 1000, NULL, 73),
(151, '2023-09-03 13:40:14', 'Received@Purchase', 1000, 0, 'Cash', 73),
(152, '2023-09-03 13:43:36', 'Purchase', 0, 1000, NULL, 74),
(153, '2023-09-03 13:43:36', 'Received@Purchase', 1000, 0, 'Cash', 74),
(154, '2023-09-03 14:00:06', 'Purchase', 0, 1000, NULL, 75),
(155, '2023-09-03 14:00:06', 'Received@Purchase', 1000, 0, 'Cash', 75),
(156, '2023-09-04 07:34:49', 'Purchase', 0, 1000, NULL, 76),
(157, '2023-09-04 07:34:49', 'Received@Purchase', 1000, 0, 'Cash', 76),
(158, '2023-09-04 13:05:52', 'Purchase', 0, 1000, NULL, 77),
(159, '2023-09-04 13:05:52', 'Received@Purchase', 1000, 0, 'Cash', 77),
(160, '2023-09-04 13:07:30', 'Purchase', 0, 1000, NULL, 78),
(161, '2023-09-04 13:07:30', 'Received@Purchase', 1000, 0, 'Cash', 78),
(162, '2023-09-05 08:26:12', 'Purchase', 0, 1000, NULL, 79),
(163, '2023-09-05 08:26:12', 'Received@Purchase', 1000, 0, 'Cash', 79),
(164, '2023-09-06 08:45:06', 'Purchase', 0, 1000, NULL, 80),
(165, '2023-09-06 08:45:06', 'Received@Purchase', 1000, 0, 'Cash', 80),
(166, '2023-09-07 05:22:00', 'Purchase', 0, 1000, NULL, 81),
(167, '2023-09-07 05:22:00', 'Received@Purchase', 1000, 0, 'Cash', 81),
(168, '2023-09-07 05:45:01', 'Purchase', 0, 1000, NULL, 82),
(169, '2023-09-07 05:45:01', 'Received@Purchase', 1000, 0, 'Cash', 82),
(170, '2023-09-10 06:10:32', 'Purchase', 0, 1000, NULL, 83),
(171, '2023-09-10 06:10:32', 'Received@Purchase', 1000, 0, 'Cash ', 83),
(172, '2023-09-11 07:26:47', 'Purchase', 0, 1000, NULL, 84),
(173, '2023-09-11 07:26:47', 'Received@Purchase', 1000, 0, 'Cash', 84),
(174, '2023-09-12 08:08:13', 'Purchase', 0, 1000, NULL, 85),
(175, '2023-09-12 08:08:13', 'Received@Purchase', 1000, 0, 'Cash', 85),
(176, '2023-09-16 06:16:07', 'Purchase', 0, 1050, NULL, 86),
(177, '2023-09-16 06:16:07', 'Received@Purchase', 1050, 0, 'Cash', 86),
(178, '2023-09-18 07:08:30', 'Purchase', 0, 1000, NULL, 87),
(179, '2023-09-18 07:08:30', 'Received@Purchase', 1000, 0, 'Cash', 87),
(180, '2023-09-21 07:57:57', 'Purchase', 0, 1000, NULL, 88),
(181, '2023-09-21 07:57:57', 'Received@Purchase', 1000, 0, 'cash', 88),
(182, '2023-09-21 12:01:10', 'Purchase', 0, 1000, NULL, 89),
(183, '2023-09-21 12:01:10', 'Received@Purchase', 1000, 0, 'Cash', 89),
(184, '2023-09-22 08:06:46', 'Purchase', 0, 1000, NULL, 90),
(185, '2023-09-22 08:06:46', 'Received@Purchase', 1000, 0, 'Cash', 90),
(186, '2023-09-23 08:01:18', 'Purchase', 0, 1000, NULL, 91),
(187, '2023-09-23 08:01:18', 'Received@Purchase', 1000, 0, 'Cash', 91),
(188, '2023-09-23 08:03:44', 'Purchase', 0, 1000, NULL, 92),
(189, '2023-09-23 08:03:44', 'Received@Purchase', 1000, 0, 'Cash', 92),
(190, '2023-09-24 11:44:11', 'Purchase', 0, 1000, NULL, 93),
(191, '2023-09-24 11:44:11', 'Received@Purchase', 1000, 0, 'Cash', 93),
(192, '2023-09-25 07:56:21', 'Purchase', 0, 1000, NULL, 94),
(193, '2023-09-25 07:56:21', 'Received@Purchase', 1000, 0, 'Cash', 94),
(194, '2023-09-25 09:00:04', 'Purchase', 0, 1000, NULL, 95),
(195, '2023-09-25 09:00:04', 'Received@Purchase', 1000, 0, 'Qr', 95),
(196, '2023-09-26 15:12:11', 'Purchase', 0, 1000, NULL, 96),
(197, '2023-09-26 15:12:11', 'Received@Purchase', 1000, 0, 'Cash', 96),
(198, '2023-09-27 07:41:23', 'Purchase', 0, 1000, NULL, 97),
(199, '2023-09-27 07:41:23', 'Received@Purchase', 1000, 0, 'Cash', 97),
(200, '2023-09-28 07:48:24', 'Purchase', 0, 1000, NULL, 98),
(201, '2023-09-28 07:48:24', 'Received@Purchase', 1000, 0, 'Cash', 98),
(202, '2023-09-29 08:14:08', 'Purchase', 0, 1000, NULL, 99),
(203, '2023-09-29 08:14:08', 'Received@Purchase', 1000, 0, 'Cash', 99),
(204, '2023-09-30 05:31:35', 'Purchase', 0, 1000, NULL, 100),
(205, '2023-09-30 05:31:35', 'Received@Purchase', 1000, 0, 'Qr', 100);

-- --------------------------------------------------------

--
-- Table structure for table `ledger`
--

CREATE TABLE IF NOT EXISTS `ledger` (
  `tslno` int NOT NULL AUTO_INCREMENT,
  `tdate` datetime DEFAULT NULL,
  `particulars` varchar(100) DEFAULT NULL,
  `income` double DEFAULT '0',
  `withdrawal` double DEFAULT '0',
  `remarks` varchar(100) DEFAULT NULL,
  `memid` int DEFAULT NULL,
  KEY `tslno` (`tslno`)
) ENGINE=InnoDB AUTO_INCREMENT=160 DEFAULT CHARSET=utf8mb3;

--
-- Dumping data for table `ledger`
--

INSERT INTO `ledger` (`tslno`, `tdate`, `particulars`, `income`, `withdrawal`, `remarks`, `memid`) VALUES
(81, '2023-08-27 07:28:44', 'On Referral', 200, 0, NULL, 2),
(82, '2023-08-27 07:31:11', 'On Referral', 200, 0, NULL, 3),
(83, '2023-08-27 07:34:06', 'On Referral', 200, 0, NULL, 3),
(84, '2023-08-27 08:34:00', 'On Referral', 200, 0, NULL, 6),
(85, '2023-08-27 08:37:24', 'On Referral', 200, 0, NULL, 6),
(86, '2023-08-27 08:39:25', 'On Referral', 200, 0, NULL, 6),
(87, '2023-08-27 11:01:50', 'On Referral', 200, 0, NULL, 10),
(88, '2023-08-27 11:24:54', 'On Referral', 200, 0, NULL, 11),
(89, '2023-08-27 11:54:12', 'On Referral', 200, 0, NULL, 10),
(90, '2023-08-27 11:59:07', 'On Referral', 200, 0, NULL, 10),
(91, '2023-08-27 16:10:00', 'On Referral', 200, 0, NULL, 15),
(92, '2023-08-27 16:12:03', 'On Referral', 200, 0, NULL, 16),
(93, '2023-08-28 04:27:15', 'On Referral', 200, 0, NULL, 16),
(94, '2023-08-28 04:36:39', 'On Referral', 200, 0, NULL, 21),
(95, '2023-08-28 05:10:35', 'On Referral', 200, 0, NULL, 15),
(96, '2023-08-28 05:12:38', 'On Referral', 200, 0, NULL, 15),
(97, '2023-08-28 05:15:08', 'On Referral', 200, 0, NULL, 15),
(98, '2023-08-28 05:17:42', 'On Referral', 200, 0, NULL, 19),
(99, '2023-08-28 05:19:40', 'On Referral', 200, 0, NULL, 22),
(100, '2023-08-28 05:38:20', 'On Referral', 200, 0, NULL, 22),
(101, '2023-08-28 05:39:37', 'On Referral', 200, 0, NULL, 22),
(102, '2023-08-28 05:41:13', 'On Referral', 200, 0, NULL, 22),
(103, '2023-08-28 05:45:41', 'On Referral', 200, 0, NULL, 27),
(104, '2023-08-28 05:48:25', 'On Referral', 200, 0, NULL, 27),
(105, '2023-08-28 05:50:25', 'On Referral', 200, 0, NULL, 27),
(106, '2023-08-28 09:29:04', 'On Referral', 200, 0, NULL, 41),
(107, '2023-08-28 09:30:57', 'On Referral', 200, 0, NULL, 6),
(108, '2023-08-28 09:33:36', 'On Referral', 200, 0, NULL, 6),
(109, '2023-08-28 09:34:44', 'On Referral', 200, 0, NULL, 6),
(110, '2023-08-28 09:36:14', 'On Referral', 200, 0, NULL, 6),
(111, '2023-08-28 09:37:06', 'On Referral', 200, 0, NULL, 6),
(112, '2023-08-28 09:37:52', 'On Referral', 200, 0, NULL, 6),
(113, '2023-08-28 09:38:41', 'On Referral', 200, 0, NULL, 6),
(114, '2023-08-28 09:40:46', 'On Referral', 200, 0, NULL, 6),
(115, '2023-08-28 09:41:57', 'On Referral', 200, 0, NULL, 6),
(116, '2023-08-28 11:16:41', 'On Referral', 200, 0, NULL, 28),
(117, '2023-08-28 11:23:05', 'On Referral', 200, 0, NULL, 28),
(118, '2023-08-28 11:37:13', 'On Referral', 200, 0, NULL, 2),
(119, '2023-08-28 11:38:29', 'On Referral', 200, 0, NULL, 2),
(120, '2023-08-28 11:39:33', 'On Referral', 200, 0, NULL, 2),
(121, '2023-08-28 11:40:51', 'On Referral', 200, 0, NULL, 2),
(122, '2023-08-28 11:42:29', 'On Referral', 200, 0, NULL, 2),
(123, '2023-08-28 11:43:18', 'On Referral', 200, 0, NULL, 2),
(124, '2023-08-28 11:44:25', 'On Referral', 200, 0, NULL, 2),
(125, '2023-08-29 07:26:57', 'On Referral', 200, 0, NULL, 6),
(126, '2023-08-30 07:50:41', 'On Referral', 200, 0, NULL, 6),
(127, '2023-08-30 13:19:56', 'On Referral', 200, 0, NULL, 64),
(128, '2023-08-31 07:51:15', 'On Referral', 200, 0, NULL, 6),
(129, '2023-08-29 00:00:00', 'Paid/Transferred', 0, 300, 'Referal bonus ', 6),
(130, '2023-09-01 07:46:52', 'On Referral', 200, 0, NULL, 6),
(131, '2023-09-02 07:46:54', 'On Referral', 200, 0, NULL, 6),
(132, '2023-09-02 08:03:30', 'On Referral', 200, 0, NULL, 10),
(133, '2023-09-02 09:07:29', 'On Referral', 200, 0, NULL, 69),
(134, '2023-09-03 13:29:16', 'On Referral', 200, 0, NULL, 15),
(135, '2023-09-03 13:40:14', 'On Referral', 200, 0, NULL, 72),
(136, '2023-09-03 13:43:36', 'On Referral', 200, 0, NULL, 72),
(137, '2023-09-03 14:00:06', 'On Referral', 200, 0, NULL, 72),
(138, '2023-09-04 13:05:52', 'On Referral', 200, 0, NULL, 6),
(139, '2023-09-04 13:07:30', 'On Referral', 200, 0, NULL, 6),
(140, '2023-09-05 08:26:12', 'On Referral', 200, 0, NULL, 6),
(141, '2023-09-06 08:45:06', 'On Referral', 200, 0, NULL, 71),
(142, '2023-09-07 05:22:00', 'On Referral', 200, 0, NULL, 15),
(143, '2023-09-07 05:45:01', 'On Referral', 200, 0, NULL, 81),
(144, '2023-09-11 07:26:47', 'On Referral', 200, 0, NULL, 6),
(145, '2023-09-12 08:08:13', 'On Referral', 200, 0, NULL, 6),
(146, '2023-09-16 06:16:07', 'On Referral', 200, 0, NULL, 6),
(147, '2023-09-18 07:08:30', 'On Referral', 200, 0, NULL, 29),
(148, '2023-09-21 07:57:57', 'On Referral', 200, 0, NULL, 6),
(149, '2023-09-21 12:01:10', 'On Referral', 200, 0, NULL, 2),
(150, '2023-09-22 08:06:46', 'On Referral', 200, 0, NULL, 6),
(151, '2023-09-23 08:01:18', 'On Referral', 200, 0, NULL, 6),
(152, '2023-09-23 08:03:44', 'On Referral', 200, 0, NULL, 6),
(153, '2023-09-24 11:44:11', 'On Referral', 200, 0, NULL, 20),
(154, '2023-09-25 07:56:21', 'On Referral', 200, 0, NULL, 6),
(155, '2023-09-25 09:00:04', 'On Referral', 200, 0, NULL, 82),
(156, '2023-09-27 07:41:23', 'On Referral', 200, 0, NULL, 6),
(157, '2023-09-28 07:48:24', 'On Referral', 200, 0, NULL, 6),
(158, '2023-09-29 08:14:08', 'On Referral', 200, 0, NULL, 6),
(159, '2023-09-30 05:31:35', 'On Referral', 200, 0, NULL, 72);

-- --------------------------------------------------------

--
-- Table structure for table `levelincome`
--

CREATE TABLE IF NOT EXISTS `levelincome` (
  `memid` int DEFAULT NULL,
  `submemid` int DEFAULT NULL,
  `level` int DEFAULT NULL,
  `amount` double DEFAULT NULL,
  `pid` int DEFAULT '0'
) ENGINE=InnoDB DEFAULT CHARSET=utf8mb3;

--
-- Dumping data for table `levelincome`
--

INSERT INTO `levelincome` (`memid`, `submemid`, `level`, `amount`, `pid`) VALUES
(1, 3, 2, 10, 41),
(1, 4, 3, 5, 41),
(1, 5, 3, 5, 41),
(1, 54, 2, 10, 41),
(1, 55, 2, 10, 41),
(1, 56, 2, 10, 41),
(1, 57, 2, 10, 41),
(1, 59, 2, 10, 41),
(1, 60, 2, 10, 41),
(1, 61, 2, 10, 41),
(1, 7, 2, 10, 41),
(1, 8, 2, 10, 41),
(1, 9, 2, 10, 41),
(1, 43, 2, 10, 41),
(1, 44, 2, 10, 41),
(1, 45, 2, 10, 41),
(1, 46, 2, 10, 41),
(1, 47, 2, 10, 41),
(1, 48, 2, 10, 41),
(1, 49, 2, 10, 41),
(1, 50, 2, 10, 41),
(1, 51, 2, 10, 41),
(1, 62, 2, 10, 41),
(1, 63, 2, 10, 41),
(1, 66, 2, 10, 41),
(1, 11, 2, 10, 41),
(1, 12, 3, 5, 41),
(1, 13, 2, 10, 41),
(1, 14, 2, 10, 41),
(1, 16, 2, 10, 41),
(1, 17, 3, 5, 41),
(1, 21, 3, 5, 41),
(1, 26, 4, 2.5, 41),
(1, 27, 2, 10, 41),
(1, 39, 3, 5, 41),
(1, 40, 3, 5, 41),
(1, 41, 3, 5, 41),
(1, 42, 4, 2.5, 41),
(1, 28, 2, 10, 41),
(1, 52, 3, 5, 41),
(1, 53, 3, 5, 41),
(1, 29, 2, 10, 41),
(1, 30, 2, 10, 41),
(1, 31, 2, 10, 41),
(1, 35, 2, 10, 41),
(1, 36, 2, 10, 41),
(1, 38, 2, 10, 41),
(1, 65, 2, 10, 41),
(2, 4, 2, 10, 41),
(2, 5, 2, 10, 41),
(10, 12, 2, 10, 41),
(15, 17, 2, 10, 41),
(15, 21, 2, 10, 41),
(15, 26, 3, 5, 41),
(15, 39, 2, 10, 41),
(15, 40, 2, 10, 41),
(15, 41, 2, 10, 41),
(15, 42, 3, 5, 41),
(15, 52, 2, 10, 41),
(15, 53, 2, 10, 41),
(16, 26, 2, 10, 41),
(27, 42, 2, 10, 41),
(10, 71, 2, 10, 42),
(10, 80, 3, 5, 42),
(15, 73, 2, 10, 42),
(15, 74, 2, 10, 42),
(15, 75, 2, 10, 42),
(15, 100, 2, 10, 42),
(15, 82, 2, 10, 42),
(15, 95, 3, 5, 42),
(69, 80, 2, 10, 42),
(81, 95, 2, 10, 42);

-- --------------------------------------------------------

--
-- Table structure for table `members`
--

CREATE TABLE IF NOT EXISTS `members` (
  `memid` int NOT NULL AUTO_INCREMENT,
  `mname` varchar(100) DEFAULT NULL,
  `address` varchar(150) DEFAULT NULL,
  `city_village` varchar(100) DEFAULT NULL,
  `pin` varchar(10) DEFAULT NULL,
  `statecode` int DEFAULT NULL,
  `emailid` varchar(200) DEFAULT NULL,
  `mobileno` varchar(10) DEFAULT NULL,
  `bankac` varchar(20) DEFAULT NULL,
  `ifsc` varchar(20) DEFAULT NULL,
  `aadhar` varchar(20) DEFAULT NULL,
  `product` varchar(20) DEFAULT NULL,
  `joingindate` datetime DEFAULT NULL,
  `totalamount` double DEFAULT '1050',
  `paid` varchar(1) DEFAULT NULL,
  `txid` varchar(100) DEFAULT NULL,
  `mactive` varchar(1) DEFAULT NULL,
  `sponsorid` int DEFAULT NULL,
  `membercode` varchar(15) DEFAULT NULL,
  `totalreferral` int DEFAULT NULL,
  `currentlevel` int DEFAULT NULL,
  `affiliatelink` varchar(100) DEFAULT NULL,
  `atlevel` int DEFAULT NULL,
  `pwd` varchar(10) DEFAULT 'pass@123',
  PRIMARY KEY (`memid`)
) ENGINE=InnoDB AUTO_INCREMENT=101 DEFAULT CHARSET=utf8mb3;

--
-- Dumping data for table `members`
--

INSERT INTO `members` (`memid`, `mname`, `address`, `city_village`, `pin`, `statecode`, `emailid`, `mobileno`, `bankac`, `ifsc`, `aadhar`, `product`, `joingindate`, `totalamount`, `paid`, `txid`, `mactive`, `sponsorid`, `membercode`, `totalreferral`, `currentlevel`, `affiliatelink`, `atlevel`, `pwd`) VALUES
(1, 'Gobinda Chandra Nayak', 'Birakishorepur', 'Athgarh', '754029', 21, '', '7978117239', '', '', '', 'Zorich', '2023-08-26 15:12:54', 1000, 'Y', 'Cash', 'Y', 0, '1-1-2023', 0, 0, 'http://dreamcaresolution.in/refjoin.php?ref=1', NULL, 'pass@123'),
(2, 'Niranjan swain', 'Regedapara', 'Khuntakata', '754029', 21, '', '6370509393', '', '', '', 'Zorum', '2023-08-27 07:16:19', 0, 'Y', 'Cash', 'Y', 1, '1-2-2023', 9, 0, 'http://dreamcaresolution.in/refjoin.php?ref=2', NULL, 'pass@123'),
(3, 'Laxmidhar rout', 'Ankula', 'Sankarpur', '754029', 21, '', '9853188230', '', '', '', '4 LED BULBS', '2023-08-27 07:28:44', 1000, 'Y', 'Cash', 'Y', 2, '2-3-2023', 2, 0, 'http://dreamcaresolution.in/refjoin.php?ref=3', NULL, 'pass@123'),
(4, 'Sukanta pradhan', 'Ankula', 'Sankarpur', '754029', 21, '', '9853188230', '', '', '', 'Zorich', '2023-08-27 07:31:11', 1000, 'Y', 'Cash', 'Y', 3, '3-4-2023', 0, 0, 'http://dreamcaresolution.in/refjoin.php?ref=4', NULL, 'pass@123'),
(5, 'Suresh kumar biswal', 'Ankula', 'Sankarpur', '754029', 21, '', '7077639426', '', '', '', '4 LED BULBS', '2023-08-27 07:34:06', 1000, 'Y', 'Cash', 'Y', 3, '3-5-2023', 0, 0, 'http://dreamcaresolution.in/refjoin.php?ref=5', NULL, 'pass@123'),
(6, 'Dharanidhar sethy', 'Radhanathpur ', 'Sasan', '754029', 21, '', '9337723662', '', '', '', 'Zorum', '2023-08-27 08:26:07', 1000, 'Y', 'Cash', 'Y', 1, '1-6-2023', 31, 0, 'http://dreamcaresolution.in/refjoin.php?ref=6', NULL, 'pass@123'),
(7, 'Dharanidhar Sethy', 'Radhanathpur sasan', 'Athgarh', '754029', 21, '', '0933772366', '', '', '', 'Zorich', '2023-08-27 08:34:00', 1000, 'Y', 'Cash', 'Y', 6, '6-7-2023', 0, 0, 'http://dreamcaresolution.in/refjoin.php?ref=7', NULL, 'pass@123'),
(8, 'Dharanidhar Sethy2', 'Radhanathpur sasan', 'Athgarh', '754029', 21, '', '0933772366', '', '', '', 'Zorich', '2023-08-27 08:37:24', 1000, 'Y', 'Cash', 'Y', 6, '6-8-2023', 0, 0, 'http://dreamcaresolution.in/refjoin.php?ref=8', NULL, 'pass@123'),
(9, 'Dharanidhar Sethy8', 'Radhanathpur sasan', 'Athgarh', '754029', 21, '', '0933772366', '', '', '', 'Zorich', '2023-08-27 08:39:25', 1000, 'Y', 'Cash', 'Y', 6, '6-9-2023', 0, 0, 'http://dreamcaresolution.in/refjoin.php?ref=9', NULL, 'pass@123'),
(10, 'Arun ku patra', 'Rasaradikpur', 'Athgarh', '754029', 21, '', '7205704043', '0553000400006687', 'Punb0055300', '', 'Zorich', '2023-08-27 10:21:34', 1000, 'Y', 'Cash', 'Y', 1, '1-10-2023', 4, 0, 'http://dreamcaresolution.in/refjoin.php?ref=10', NULL, 'pass@123'),
(11, 'Jitendra kumar Nayak ', 'Gopamathura', 'Baramba', '754029', 21, '', '9692691002', '', '', '', 'Zorich', '2023-08-27 11:01:50', 1000, 'Y', 'Cash', 'Y', 10, '10-11-2023', 1, 0, 'http://dreamcaresolution.in/refjoin.php?ref=11', NULL, 'pass@123'),
(12, 'Pushpanjali Nayak', 'Gopamathura', 'Baramba', '754029', 21, '', '9692691002', '', '', '', 'Zorum', '2023-08-27 11:24:54', 1000, 'Y', 'Cash', 'Y', 11, '11-12-2023', 0, 0, 'http://dreamcaresolution.in/refjoin.php?ref=12', NULL, 'pass@123'),
(13, 'Arun ku patra1', 'Rasaradikpur', 'Athgarh', '754029', 21, '', '0720570404', '', '', '', 'Zorich', '2023-08-27 11:54:12', 1000, 'Y', 'Cash', 'Y', 10, '10-13-2023', 0, 0, 'http://dreamcaresolution.in/refjoin.php?ref=13', NULL, 'pass@123'),
(14, 'Arun ku patra2', 'Rasaradikpur', 'Athgarh', '754029', 21, '', '0720570404', '', '', '', 'Zorich', '2023-08-27 11:59:07', 1000, 'Y', 'Cash', 'Y', 10, '10-14-2023', 0, 0, 'http://dreamcaresolution.in/refjoin.php?ref=14', NULL, 'pass@123'),
(15, 'Prasanna Kumar Mishra', 'Radhanathpur sasan', 'Athgarh', '754029', 21, '', '9337126009', '', '', '', 'Zorum', '2023-08-27 16:07:33', 1000, 'Y', 'Cash', 'Y', 1, '1-15-2023', 6, 0, 'http://dreamcaresolution.in/refjoin.php?ref=15', NULL, 'pass@123'),
(16, 'Anita Nayak', 'Hemamalapur', 'Athgarh', '754029', 21, '', '9937436761', '', '', '', 'Zorich', '2023-08-27 16:10:00', 1000, 'Y', 'Cash', 'Y', 15, '15-16-2023', 2, 0, 'http://dreamcaresolution.in/refjoin.php?ref=16', NULL, 'pass@123'),
(17, 'Anita Nayak1', 'Hemamalapur', 'Athgarh', '754029', 21, '', '9937436761', '', '', '', 'Zorich', '2023-08-27 16:12:03', 1000, 'Y', 'Cash', 'Y', 16, '16-17-2023', 0, 0, 'http://dreamcaresolution.in/refjoin.php?ref=17', NULL, 'pass@123'),
(18, 'Sibaprasad jena', 'Rajanagar', 'Athgarh', '754029', 21, '', '9777456890', '20288236143', 'Sbin0017947', '', 'Zorum', '2023-08-28 04:20:32', 1000, 'Y', 'Cash', 'Y', 1, '1-18-2023', 0, 0, 'http://dreamcaresolution.in/refjoin.php?ref=18', NULL, 'pass@123'),
(19, 'Mamata Das', 'Upparsahi', 'Athgarh', '754029', 21, '', '9348743301', '', '', '', 'Zorich', '2023-08-28 04:22:20', 1000, 'Y', 'Cash', 'Y', 1, '1-19-2023', 1, 0, 'http://dreamcaresolution.in/refjoin.php?ref=19', NULL, 'pass@123'),
(20, 'Gangadhar swain', 'Banki', 'Cuttack ', '754029', 21, '', '8847845738', '9583907517', 'Cnrb0004128', '', 'Zorum', '2023-08-28 04:24:51', 1000, 'Y', 'Cash', 'Y', 1, '1-20-2023', 1, 0, 'http://dreamcaresolution.in/refjoin.php?ref=20', NULL, 'pass@123'),
(21, 'Madhu smita mohamansingh', 'Achalkota', 'Dhenkanal', '754029', 21, '', '6370738682', '', '', '', 'Zorich', '2023-08-28 04:27:15', 1000, 'Y', 'Cash', 'Y', 16, '16-21-2023', 1, 0, 'http://dreamcaresolution.in/refjoin.php?ref=21', NULL, 'pass@123'),
(22, 'Monalisa mohanty', 'Banikanthanagar', 'Athgarh ', '754029', 21, '', '6371331936', '', '', '', 'Zorich', '2023-08-28 04:28:47', 1000, 'Y', 'Cash', 'Y', 1, '1-22-2023', 4, 0, 'http://dreamcaresolution.in/refjoin.php?ref=22', NULL, 'pass@123'),
(23, 'Rashmi Nayak', 'Banikanthanagar', 'Athgarh ', '754029', 21, '', '8093775701', '', '', '', 'Zorich', '2023-08-28 04:30:22', 1000, 'Y', 'Cash', 'Y', 1, '1-23-2023', 0, 0, 'http://dreamcaresolution.in/refjoin.php?ref=23', NULL, 'pass@123'),
(24, 'Manorama dei', 'Banikanthanagar', 'Athgarh ', '754029', 21, '', '9438582132', '', '', '', 'Zorum', '2023-08-28 04:32:37', 1000, 'Y', 'Cash', 'Y', 1, '1-24-2023', 0, 0, 'http://dreamcaresolution.in/refjoin.php?ref=24', NULL, 'pass@123'),
(25, 'Ramkrishna bagdia', 'Malgodwon', 'Cuttack', '754029', 21, '', '9937195191', '', '', '', 'Zorich', '2023-08-28 04:34:24', 1000, 'Y', 'Cash', 'Y', 1, '1-25-2023', 0, 0, 'http://dreamcaresolution.in/refjoin.php?ref=25', NULL, 'pass@123'),
(26, 'Dipteeranjan mohamansingh', 'Achalkot', 'Dhenkanal', '754029', 21, '', '6370738682', '', '', '', 'Zorich', '2023-08-28 04:36:39', 1000, 'Y', 'Cash', 'Y', 21, '21-26-2023', 0, 0, 'http://dreamcaresolution.in/refjoin.php?ref=26', NULL, 'pass@123'),
(27, 'Susmita mishra', 'Sasan', 'Athgarh ', '754029', 21, '', '9778383979', '', '', '', 'Zorich', '2023-08-28 05:10:35', 1000, 'Y', 'Cash', 'Y', 15, '15-27-2023', 3, 0, 'http://dreamcaresolution.in/refjoin.php?ref=27', NULL, 'pass@123'),
(28, 'Seshadeba mishra', 'Dorada', 'Athgarh ', '754029', 21, '', '7735843851', '', '', '', 'Zorum', '2023-08-28 05:12:38', 1000, 'Y', 'Cash', 'Y', 15, '15-28-2023', 2, 0, 'http://dreamcaresolution.in/refjoin.php?ref=28', NULL, 'pass@123'),
(29, 'Sumitra dei', 'Nuabandha', 'Athgarh ', '754029', 21, 'tarinee.labs@gmail.com', '9337553360', '11259965010', 'SBIN0001083', '', 'Zorum', '2023-08-28 05:15:08', 1000, 'Y', 'Cash', 'Y', 15, '15-29-2023', 1, 0, 'http://dreamcaresolution.in/refjoin.php?ref=29', NULL, 'pass@123'),
(30, 'Sarojini sethy', 'Uparsahi', 'Athgarh ', '754029', 21, '', '9348502620', '', '', '', 'Zorum', '2023-08-28 05:17:42', 1000, 'Y', 'Cash', 'Y', 19, '19-30-2023', 0, 0, 'http://dreamcaresolution.in/refjoin.php?ref=30', NULL, 'pass@123'),
(31, 'Monalisa mohanty1', 'Banikanthanagar', 'Athgarh', '754029', 21, '', '6371331936', '', '', '', 'Zorich', '2023-08-28 05:19:40', 1000, 'Y', 'Cash', 'Y', 22, '22-31-2023', 0, 0, 'http://dreamcaresolution.in/refjoin.php?ref=31', NULL, 'pass@123'),
(32, 'Monalisa mohanty2', 'Banikanthanagar', 'Athgarh', '754029', 21, '', '6371331936', '', '', '', 'Zorich', '2023-08-28 05:20:54', 1000, 'Y', 'Cash', 'Y', 1, '1-32-2023', 0, 0, 'http://dreamcaresolution.in/refjoin.php?ref=32', NULL, 'pass@123'),
(33, 'Monalisa mohanty3', 'Banikanthanagar', 'Athgarh', '754029', 21, '', '6371331936', '', '', '', 'Zorich', '2023-08-28 05:21:56', 1000, 'Y', 'Cash', 'Y', 1, '1-33-2023', 0, 0, 'http://dreamcaresolution.in/refjoin.php?ref=33', NULL, 'pass@123'),
(34, 'Monalisa mohanty4', 'Banikanthanagar', 'Athgarh', '754029', 21, '', '6371331936', '', '', '', 'Zorich', '2023-08-28 05:22:42', 1000, 'Y', 'Cash', 'Y', 1, '1-34-2023', 0, 0, 'http://dreamcaresolution.in/refjoin.php?ref=34', NULL, 'pass@123'),
(35, 'Monalisa mohanty02', 'Banikanthanagar', 'Athgarh', '754029', 21, '', '6371331936', '', '', '', 'Zorich', '2023-08-28 05:38:20', 0, 'N', '', 'N', 22, '22-35-2023', 0, 0, 'http://dreamcaresolution.in/refjoin.php?ref=35', NULL, 'pass@123'),
(36, 'Monalisa mohanty03', 'Banikanthanagar', 'Athgarh', '754029', NULL, '', '6371331936', '', '', '', 'Zorich', '2023-08-28 05:39:37', 0, 'Y', 'Cash', 'Y', 22, '22-36-2023', 0, 0, 'http://dreamcaresolution.in/refjoin.php?ref=36', NULL, 'pass@123'),
(37, 'Monalisa mohanty03', 'Banikanthanagar', 'Athgarh', '754029', NULL, '', '6371331936', '', '', '', 'Zorich', '2023-08-28 05:40:10', 0, 'Y', 'Cash', 'Y', 1, '1-37-2023', 0, 0, 'http://dreamcaresolution.in/refjoin.php?ref=37', NULL, 'pass@123'),
(38, 'Monalisa mohanty04', 'Banikanthanagar', 'Athgarh', '754029', 21, '', '6371331936', '', '', '', 'Zorich', '2023-08-28 05:41:13', 0, 'Y', 'Cash', 'Y', 22, '22-38-2023', 0, 0, 'http://dreamcaresolution.in/refjoin.php?ref=38', NULL, 'pass@123'),
(39, 'Gitanjali dhirsamanta', 'Sasan', 'Athgarh', '754029', 21, '', '9658200656', '', '', '', 'Zorum', '2023-08-28 05:45:41', 1000, 'Y', 'Cash', 'Y', 27, '27-39-2023', 0, 0, 'http://dreamcaresolution.in/refjoin.php?ref=39', NULL, 'pass@123'),
(40, 'Susanta ku barik', 'Oldbusstand', 'Athgarh', '754029', 21, '', '9853127308', '', '', '', 'Zorum', '2023-08-28 05:48:25', 1000, 'Y', 'Cash', 'Y', 27, '27-40-2023', 0, 0, 'http://dreamcaresolution.in/refjoin.php?ref=40', NULL, 'pass@123'),
(41, 'Ranjan ku sahu', 'Dhaipur', 'Athgarh', '754029', 21, '', '9348371931', '', '', '', 'Zorum', '2023-08-28 05:50:25', 1000, 'Y', 'Cash', 'Y', 27, '27-41-2023', 1, 0, 'http://dreamcaresolution.in/refjoin.php?ref=41', NULL, 'pass@123'),
(42, 'Ranjan kumar sahu1', 'Dhaipur', 'Athgarh', '754029', 21, '', '9861797556', '', '', '', '4 LED BULBS', '2023-08-28 09:29:04', 1000, 'Y', 'Cash', 'Y', 41, '41-42-2023', 0, 0, 'http://dreamcaresolution.in/refjoin.php?ref=42', NULL, 'pass@123'),
(43, 'Gouri mallick', 'Radhanathpur sasan', 'Athgarh', '754029', 21, '', '9337723662', '', '', '', 'Zorich', '2023-08-28 09:30:57', 1000, 'Y', 'Cash', 'Y', 6, '6-43-2023', 0, 0, 'http://dreamcaresolution.in/refjoin.php?ref=43', NULL, 'pass@123'),
(44, 'DDS2', 'Radhanathpur sasan', 'Athgarh', '754029', 21, '', '9337723662', '', '', '', 'Zorum', '2023-08-28 09:33:36', 1000, 'Y', 'Cash', 'Y', 6, '6-44-2023', 0, 0, 'http://dreamcaresolution.in/refjoin.php?ref=44', NULL, 'pass@123'),
(45, 'DDS3', 'Radhanathpur sasan', 'Athgarh', '754029', 21, '', '9337723662', '', '', '', 'Zorum', '2023-08-28 09:34:44', 1000, 'Y', 'Cash', 'Y', 6, '6-45-2023', 0, 0, 'http://dreamcaresolution.in/refjoin.php?ref=45', NULL, 'pass@123'),
(46, 'DDS4', 'Radhanathpur sasan', 'Athgarh', '754029', 21, '', '9337723662', '', '', '', 'Zorum', '2023-08-28 09:36:14', 1000, 'Y', 'Cash', 'Y', 6, '6-46-2023', 0, 0, 'http://dreamcaresolution.in/refjoin.php?ref=46', NULL, 'pass@123'),
(47, 'DDS5', 'Radhanathpur sasan', 'Athgarh', '754029', 21, '', '9337723662', '', '', '', 'Zorum', '2023-08-28 09:37:06', 1000, 'Y', 'Cash', 'Y', 6, '6-47-2023', 0, 0, 'http://dreamcaresolution.in/refjoin.php?ref=47', NULL, 'pass@123'),
(48, 'DDS6', 'Radhanathpur sasan', 'Athgarh', '754029', 21, '', '9337723662', '', '', '', 'Zorum', '2023-08-28 09:37:52', 1000, 'Y', 'Cash', 'Y', 6, '6-48-2023', 0, 0, 'http://dreamcaresolution.in/refjoin.php?ref=48', NULL, 'pass@123'),
(49, 'DDS7', 'Radhanathpur sasan', 'Athgarh', '754029', 21, '', '9337723662', '', '', '', 'Zorum', '2023-08-28 09:38:41', 1000, 'Y', 'Cash', 'Y', 6, '6-49-2023', 0, 0, 'http://dreamcaresolution.in/refjoin.php?ref=49', NULL, 'pass@123'),
(50, 'DDS9', 'Radhanathpur sasan', 'Athgarh', '754029', 21, '', '9337723662', '', '', '', 'Zorum', '2023-08-28 09:40:46', 1000, 'Y', 'Cash', 'Y', 6, '6-50-2023', 0, 0, 'http://dreamcaresolution.in/refjoin.php?ref=50', NULL, 'pass@123'),
(51, 'DDS10', 'Radhanathpur sasan', 'Athgarh', '754029', 21, '', '9337723662', '', '', '', 'Zorum', '2023-08-28 09:41:57', 1000, 'Y', 'Cash', 'Y', 6, '6-51-2023', 0, 0, 'http://dreamcaresolution.in/refjoin.php?ref=51', NULL, 'pass@123'),
(52, ' Swati Srabani mishra', 'Dorada', 'Athgarh', '754029', 21, '', '9692044115', '', '', '', 'Zorum', '2023-08-28 11:16:41', 1000, 'Y', 'Cash', 'Y', 28, '28-52-2023', 0, 0, 'http://dreamcaresolution.in/refjoin.php?ref=52', NULL, 'pass@123'),
(53, 'Abdul niyamat', 'Dorada', 'Athgarh', '754029', 21, '', '7735843851', '', '', '', 'Zorum', '2023-08-28 11:23:05', 1000, 'Y', 'Cash', 'Y', 28, '28-53-2023', 0, 0, 'http://dreamcaresolution.in/refjoin.php?ref=53', NULL, 'pass@123'),
(54, 'Nirmal ch swain', 'Regedapara', 'Athgarh', '754029', 21, '', '6370509393', '', '', '', 'Zorum', '2023-08-28 11:37:13', 1000, 'Y', 'Cash', 'Y', 2, '2-54-2023', 0, 0, 'http://dreamcaresolution.in/refjoin.php?ref=54', NULL, 'pass@123'),
(55, 'Rasmiranjan swain', 'Regedapara', 'Athgarh', '754029', 21, '', '6370509393', '', '', '', 'Zorum', '2023-08-28 11:38:29', 1000, 'Y', 'Cash', 'Y', 2, '2-55-2023', 0, 0, 'http://dreamcaresolution.in/refjoin.php?ref=55', NULL, 'pass@123'),
(56, 'NS1', 'Regedapara', 'Athgarh', '754029', 21, '', '6370509393', '', '', '', 'Zorum', '2023-08-28 11:39:33', 1000, 'Y', 'Cash', 'Y', 2, '2-56-2023', 0, 0, 'http://dreamcaresolution.in/refjoin.php?ref=56', NULL, 'pass@123'),
(57, 'NS2', 'Regedapara', 'Athgarh', '754029', 21, '', '6370509393', '', '', '', 'Zorum', '2023-08-28 11:40:51', 1000, 'Y', 'Cash', 'Y', 2, '2-57-2023', 0, 0, 'http://dreamcaresolution.in/refjoin.php?ref=57', NULL, 'pass@123'),
(58, 'NS3', 'Regedapara', 'Athgarh', '754029', 21, '', '6370509393', '', '', '', 'Zorum', '2023-08-28 11:41:42', 1000, 'Y', 'Cash', 'Y', 1, '1-58-2023', 0, 0, 'http://dreamcaresolution.in/refjoin.php?ref=58', NULL, 'pass@123'),
(59, 'NS4', 'Regedapara', 'Athgarh', '754029', 21, '', '6370509393', '', '', '', 'Zorum', '2023-08-28 11:42:29', 1000, 'Y', 'Cash', 'Y', 2, '2-59-2023', 0, 0, 'http://dreamcaresolution.in/refjoin.php?ref=59', NULL, 'pass@123'),
(60, 'NS5', 'Regedapara', 'Athgarh', '754029', 21, '', '6370509393', '', '', '', 'Zorum', '2023-08-28 11:43:18', 1000, 'Y', 'Cash', 'Y', 2, '2-60-2023', 0, 0, 'http://dreamcaresolution.in/refjoin.php?ref=60', NULL, 'pass@123'),
(61, 'NS6', 'Regedapara', 'Athgarh', '754029', 21, '', '6370509393', '', '', '', 'Zorum', '2023-08-28 11:44:25', 1000, 'Y', 'Cash', 'Y', 2, '2-61-2023', 0, 0, 'http://dreamcaresolution.in/refjoin.php?ref=61', NULL, 'pass@123'),
(62, 'DDS11', 'Radhanathpur sasan', 'Athgarh', '754029', 21, '', '0933772366', '', '', '', 'Zorich', '2023-08-29 07:26:57', 1000, 'Y', 'Cash', 'Y', 6, '6-62-2023', 0, 0, 'http://dreamcaresolution.in/refjoin.php?ref=62', NULL, 'pass@123'),
(63, 'DDS12', 'Radhanathpur sasan', 'Athgarh', '754029', 21, '', '0933772366', '', '', '', 'Zorich', '2023-08-30 07:50:41', 0, 'Y', 'Cash', 'Y', 6, '6-63-2023', 0, 0, 'http://dreamcaresolution.in/refjoin.php?ref=63', NULL, 'pass@123'),
(64, 'Ashok kumar jena', 'Jatamundia', 'Banki', '754008', 21, '', '9078688099', '039710050547', 'IPOS0000001', '', 'Zorich', '2023-08-30 12:55:29', 1000, 'Y', 'Cash', 'Y', 1, '1-64-2023', 1, 0, 'http://dreamcaresolution.in/refjoin.php?ref=64', NULL, 'pass@123'),
(65, 'Ashok kumar jena1', 'Jatamundia', 'Banki', '754008', 21, '', '0958388633', '', '', '', 'Zorum', '2023-08-30 13:19:56', 0, 'Y', 'Cash', 'Y', 64, '64-65-2023', 0, 0, 'http://dreamcaresolution.in/refjoin.php?ref=65', NULL, 'pass@123'),
(66, 'DDS13', 'Radhanathpur sasan', 'Athgarh', '754029', 21, '', '0933772366', '', '', '', '4 LED BULBS', '2023-08-31 07:51:15', 0, 'Y', 'Cash', 'Y', 6, '6-66-2023', 0, 0, 'http://dreamcaresolution.in/refjoin.php?ref=66', NULL, 'pass@123'),
(67, 'DDS14', 'Old busstand', 'Athgarh', '754029', 21, '', '0933772366', '', '', '', '4 LED BULBS', '2023-09-01 07:46:52', 1000, 'Y', 'Cash', 'Y', 6, '6-67-2023', 0, 0, 'http://dreamcaresolution.in/refjoin.php?ref=67', NULL, 'pass@123'),
(68, 'DDS15', 'Radhanathpur sasan', 'Athgarh', '754029', 21, '', '0933772366', '', '', '', '4 LED BULBS', '2023-09-02 07:46:54', 1000, 'Y', '324512640172', 'Y', 6, '6-68-2023', 0, 0, 'http://dreamcaresolution.in/refjoin.php?ref=68', NULL, 'pass@123'),
(69, 'SUBAS CHANDRA NATH', 'ATHAGARH RAJANAGAR GARIYAPATA CUTTACK', 'CUTTACK', '754029', NULL, 'subaschandranath65@gmail.com', '0969276729', '65292764480', 'SBIN0032648', 'AIFPN0122M', 'Zorum', '2023-09-02 08:03:30', 1000, 'Y', 'Cash', 'Y', 10, '10-69-2023', 1, 0, 'http://dreamcaresolution.in/refjoin.php?ref=69', NULL, 'pass@123'),
(70, 'ROJALIN NATH', 'ATHAGARH RAJANAGAR GARIYAPATA CUTTACK', 'CUTTACK', 'RAJANA', 21, 'rojalinnath455@gmail.com', '0969276729', '07700110076712', 'UCBA0000770', '675339520581', '4 LED BULBS', '2023-09-02 08:42:41', 1000, 'Y', 'Cash', 'Y', 1, '1-70-2023', 0, 0, 'http://dreamcaresolution.in/refjoin.php?ref=70', NULL, 'pass@123'),
(71, 'Rojalin Nath', 'Rajnagar', 'Athgarh ', '754029', 21, 'rojalinnath455@gmail.com', '9692767294', '07700110076712', 'UCBA0000770', '675339520581', '4 LED BULBS', '2023-09-02 09:07:29', 1000, 'Y', 'Cash', 'Y', 69, '69-71-2023', 1, 0, 'http://dreamcaresolution.in/refjoin.php?ref=71', NULL, 'pass@123'),
(72, 'Ramachandra rana', 'Radhanathpur sasan', 'Athgarh', '754029', 21, '', '9337506863', '', '', '', 'Zorich', '2023-09-03 13:29:16', 1000, 'Y', 'Cash', 'Y', 15, '15-72-2023', 4, 0, 'http://dreamcaresolution.in/refjoin.php?ref=72', NULL, 'pass@123'),
(73, 'Satyaswarup mishra', 'Radhanathpur sasan', 'Athgarh', '754029', 21, '', '7377392023', '', '', '', 'Zorich', '2023-09-03 13:40:14', 1000, 'Y', 'Cash', 'Y', 72, '72-73-2023', 0, 0, 'http://dreamcaresolution.in/refjoin.php?ref=73', NULL, 'pass@123'),
(74, 'Satyaswarup mishra', 'Radhanathpur sasan', 'Athgarh', '754029', 21, '', '7377392023', '', '', '', 'Zorich', '2023-09-03 13:43:36', 1000, 'Y', 'Cash', 'Y', 72, '72-74-2023', 0, 0, 'http://dreamcaresolution.in/refjoin.php?ref=74', NULL, 'pass@123'),
(75, 'Chittaranjan mishra', 'Radhanathpur sasan', 'Athgarh', '754029', 21, '', '8260808839', '', '', '', 'Zorich', '2023-09-03 14:00:06', 1000, 'Y', 'Cash', 'Y', 72, '72-75-2023', 0, 0, 'http://dreamcaresolution.in/refjoin.php?ref=75', NULL, 'pass@123'),
(76, 'Pradeep kumar Tripathy', 'Radhanathpur sasan', 'Athgarh', '754029', 21, 'tripathypradeep8@gmail.com', '8249922437', '', '', 'AFYPT6773L', 'Zorich', '2023-09-04 07:34:49', 1000, 'Y', 'Cash', 'Y', 1, '1-76-2023', 0, 0, 'http://dreamcaresolution.in/refjoin.php?ref=76', NULL, 'pass@123'),
(77, 'DDS16', 'Radhanathpur sasan', 'Athgarh', '754029', 21, '', '0933772366', '', '', '', '4 LED BULBS', '2023-09-04 13:05:52', 1000, 'Y', 'Cash', 'Y', 6, '6-77-2023', 0, 0, 'http://dreamcaresolution.in/refjoin.php?ref=77', NULL, 'pass@123'),
(78, 'DDS17', 'Radhanathpur sasan', 'Athgarh', '754029', 21, '', '0933772366', '', '', '', '4 LED BULBS', '2023-09-04 13:07:30', 1000, 'Y', 'Cash', 'Y', 6, '6-78-2023', 0, 0, 'http://dreamcaresolution.in/refjoin.php?ref=78', NULL, 'pass@123'),
(79, 'DDS18', 'Radhanathpur sasan', 'Athgarh', '754029', 21, '', '0933772366', '', '', '', '4 LED BULBS', '2023-09-05 08:26:12', 1000, 'Y', 'Cash', 'Y', 6, '6-79-2023', 0, 0, 'http://dreamcaresolution.in/refjoin.php?ref=79', NULL, 'pass@123'),
(80, 'SUBAS CHANDRA NATH 1', 'ATHAGARH RAJANAGAR GARIYAPATA CUTTACK', 'CUTTACK', '754029', 21, 'subaschandranath65@gmail.com', '0969276729', '65292764480', 'SBIN0032648', 'AIFPN0122M', 'Zorum', '2023-09-06 08:45:06', 1000, 'Y', 'Cash', 'Y', 71, '71-80-2023', 0, 0, 'http://dreamcaresolution.in/refjoin.php?ref=80', NULL, 'pass@123'),
(81, 'Bijaya kumar Mishra', 'Bhubaneswar ', 'Nayapalli', '750017', 21, '', '9437541969', '', '', '', 'Zorum', '2023-09-07 05:22:00', 1000, 'Y', 'Cash', 'Y', 15, '15-81-2023', 1, 0, 'http://dreamcaresolution.in/refjoin.php?ref=81', NULL, 'pass@123'),
(82, 'B prasad Barik', 'Athgarh ', 'Mahakalbasta', '754029', 21, '', '9777993615', '922010010515361', 'UTIB0003896', 'AMMPB7187M', 'Zorum', '2023-09-07 05:45:01', 1000, 'Y', 'Cash', 'Y', 81, '81-82-2023', 1, 0, 'http://dreamcaresolution.in/refjoin.php?ref=82', NULL, 'pass@123'),
(83, 'Benudhar jena', 'Athgarh', 'Cuttack ', '754029', NULL, 'bjsir.math@gmail.com', '7978945923', '20420991469', 'CBIN0017947', 'ADNPJ9525D', 'Zorich', '2023-09-10 06:10:32', 1000, 'Y', 'Cash ', 'Y', 1, '1-83-2023', 0, 0, 'http://dreamcaresolution.in/refjoin.php?ref=83', NULL, 'pass@123'),
(84, 'DDS 19', 'Radhanathpur sasan', 'Athgarh', '754029', 21, '', '0933772366', '', '', '', '4 LED BULBS', '2023-09-11 07:26:47', 1000, 'Y', 'Cash', 'Y', 6, '6-84-2023', 0, 0, 'http://dreamcaresolution.in/refjoin.php?ref=84', NULL, 'pass@123'),
(85, 'DDS 20', 'Radhanathpur sasan', 'Athgarh', '754029', 21, '', '0933772366', '', '', '', '4 LED BULBS', '2023-09-12 08:08:13', 1000, 'Y', 'Cash', 'Y', 6, '6-85-2023', 0, 0, 'http://dreamcaresolution.in/refjoin.php?ref=85', NULL, 'pass@123'),
(86, 'DDS 21', 'Radhanathpur sasan', 'Athgarh', '754029', 21, '', '0933772366', '', '', '', '4 LED BULBS', '2023-09-16 06:16:07', 1000, 'Y', 'Cash', 'Y', 6, '6-86-2023', 0, 0, 'http://dreamcaresolution.in/refjoin.php?ref=86', NULL, 'pass@123'),
(87, 'Prakash kumar mohanty', 'Nuabandha', 'Jenapada', '754029', 21, 'tarinee.labs@gmail.com', '7894510896', '07700110028742', 'UCBA0000770', 'CJXPM2130F', 'Zorum', '2023-09-18 07:08:30', 1000, 'Y', 'Cash', 'Y', 29, '29-87-2023', 0, 0, 'http://dreamcaresolution.in/refjoin.php?ref=87', NULL, 'pass@123'),
(88, 'DDS22', 'radhanathpur sasan', 'athgarh', '754029', 21, '', '9337723662', '', '', '', 'Zorum', '2023-09-21 07:57:57', 1000, 'Y', 'cash', 'Y', 6, '6-88-2023', 0, 0, 'http://dreamcaresolution.in/refjoin.php?ref=88', NULL, 'pass@123'),
(89, 'Narahari Sethi', 'Jenapada', 'Athgarh ', '754029', 21, '', '9777216209', '31136077242', 'sbin0001083 ', '408947226110', 'Zorich', '2023-09-21 12:01:10', 1000, 'Y', 'Cash', 'Y', 2, '2-89-2023', 0, 0, 'http://dreamcaresolution.in/refjoin.php?ref=89', NULL, 'pass@123'),
(90, 'DDS23', 'Radhanathpur sasan', 'Athgarh', '754029', 21, '', '0933772366', '', '', '', '4 LED BULBS', '2023-09-22 08:06:46', 1000, 'Y', 'Cash', 'Y', 6, '6-90-2023', 0, 0, 'http://dreamcaresolution.in/refjoin.php?ref=90', NULL, 'pass@123'),
(91, 'DDS24', 'Radhanathpur sasan', 'Athgarh', '754029', 21, '', '0933772366', '', '', '', 'Zorich', '2023-09-23 08:01:18', 1000, 'Y', 'Cash', 'Y', 6, '6-91-2023', 0, 0, 'http://dreamcaresolution.in/refjoin.php?ref=91', NULL, 'pass@123'),
(92, 'DDS25', 'Radhanathpur sasan', 'Athgarh', '754029', 21, '', '0933772366', '', '', '', 'Zorich', '2023-09-23 08:03:44', 1000, 'Y', 'Cash', 'Y', 6, '6-92-2023', 0, 0, 'http://dreamcaresolution.in/refjoin.php?ref=92', NULL, 'pass@123'),
(93, 'Sushant nayak', 'Similipur', 'Banki', '754008', 21, '', '9583907517', '4128101002518', 'CNRB0004128', '', 'Zorich', '2023-09-24 11:44:11', 1000, 'Y', 'Cash', 'Y', 20, '20-93-2023', 0, 0, 'http://dreamcaresolution.in/refjoin.php?ref=93', NULL, 'pass@123'),
(94, 'Dds26', 'Radhanathpur sasan', 'Athgarh', '754029', 21, '', '0933772366', '', '', '', 'Zorich', '2023-09-25 07:56:21', 1000, 'Y', 'Cash', 'Y', 6, '6-94-2023', 0, 0, 'http://dreamcaresolution.in/refjoin.php?ref=94', NULL, 'pass@123'),
(95, 'Abhimanyu Barik', 'Sadangi', 'Dhenkanal', '759016', 21, '', '8144825979', '', '', '', 'Zorum', '2023-09-25 09:00:04', 1000, 'Y', 'Qr', 'Y', 82, '82-95-2023', 0, 0, 'http://dreamcaresolution.in/refjoin.php?ref=95', NULL, 'pass@123'),
(96, 'Sasmita sahoo', 'Padmasahi', 'Athgarh', '754029', 21, '', '8249616311', '41579772938', 'Sbin0001083 ', '', '4 LED BULBS', '2023-09-26 15:12:11', 1000, 'Y', 'Cash', 'Y', 1, '1-96-2023', 0, 0, 'http://dreamcaresolution.in/refjoin.php?ref=96', NULL, 'pass@123'),
(97, 'DDS27', 'Radanathpur sasan', 'Athgarh ', '754029', 21, '', '9337723662', '', '', '', 'Zorich', '2023-09-27 07:41:23', 1000, 'Y', 'Cash', 'Y', 6, '6-97-2023', 0, 0, 'http://dreamcaresolution.in/refjoin.php?ref=97', NULL, 'pass@123'),
(98, 'DDS28', 'Radanathpur sasan', 'Athgarh', '754029', 21, '', '0933772366', '', '', '', 'Zorich', '2023-09-28 07:48:24', 1000, 'Y', 'Cash', 'Y', 6, '6-98-2023', 0, 0, 'http://dreamcaresolution.in/refjoin.php?ref=98', NULL, 'pass@123'),
(99, 'DDS29', 'Radanathpur sasan', 'Athgarh', '754029', 21, '', '0933772366', '', '', '', 'Zorich', '2023-09-29 08:14:08', 1000, 'Y', 'Cash', 'Y', 6, '6-99-2023', 0, 0, 'http://dreamcaresolution.in/refjoin.php?ref=99', NULL, 'pass@123'),
(100, 'Dr Brahma nanda Das', 'Khuntakata,sai nilayam', 'Athgada', '754295', 21, '8658090586das@gmail.com', '8658090586', '11259885838', 'Sbin0001083 ', '', 'Zorich', '2023-09-30 05:31:35', 1000, 'Y', 'Qr', 'Y', 72, '72-100-2023', 0, 0, 'http://dreamcaresolution.in/refjoin.php?ref=100', NULL, 'pass@123');

-- --------------------------------------------------------

--
-- Table structure for table `otps`
--

CREATE TABLE IF NOT EXISTS `otps` (
  `memcode` varchar(50) DEFAULT NULL,
  `origintime` datetime DEFAULT NULL,
  `otp` varchar(5) DEFAULT NULL
) ENGINE=InnoDB DEFAULT CHARSET=utf8mb3;

-- --------------------------------------------------------

--
-- Table structure for table `payoutdetails`
--

CREATE TABLE IF NOT EXISTS `payoutdetails` (
  `payoutid` int DEFAULT NULL,
  `memid` int DEFAULT NULL,
  `mname` varchar(120) DEFAULT NULL,
  `MBonus` double DEFAULT '0',
  `levelincome` double DEFAULT '0',
  `reward` double DEFAULT '0',
  `totalincome` double DEFAULT '0'
) ENGINE=InnoDB DEFAULT CHARSET=utf8mb3;

--
-- Dumping data for table `payoutdetails`
--

INSERT INTO `payoutdetails` (`payoutid`, `memid`, `mname`, `MBonus`, `levelincome`, `reward`, `totalincome`) VALUES
(41, 1, NULL, 100, 415, 0, 515),
(41, 2, NULL, 100, 20, 0, 120),
(41, 3, NULL, 100, 0, 0, 100),
(41, 4, NULL, 100, 0, 0, 100),
(41, 5, NULL, 100, 0, 0, 100),
(41, 6, NULL, 100, 0, 0, 100),
(41, 7, NULL, 100, 0, 0, 100),
(41, 8, NULL, 100, 0, 0, 100),
(41, 9, NULL, 100, 0, 0, 100),
(41, 10, NULL, 100, 10, 0, 110),
(41, 11, NULL, 100, 0, 0, 100),
(41, 12, NULL, 100, 0, 0, 100),
(41, 13, NULL, 100, 0, 0, 100),
(41, 14, NULL, 100, 0, 0, 100),
(41, 15, NULL, 100, 80, 0, 180),
(41, 16, NULL, 100, 10, 0, 110),
(41, 17, NULL, 100, 0, 0, 100),
(41, 18, NULL, 100, 0, 0, 100),
(41, 19, NULL, 100, 0, 0, 100),
(41, 20, NULL, 100, 0, 0, 100),
(41, 21, NULL, 100, 0, 0, 100),
(41, 22, NULL, 100, 0, 0, 100),
(41, 23, NULL, 100, 0, 0, 100),
(41, 24, NULL, 100, 0, 0, 100),
(41, 25, NULL, 100, 0, 0, 100),
(41, 26, NULL, 100, 0, 0, 100),
(41, 27, NULL, 100, 10, 0, 110),
(41, 28, NULL, 100, 0, 0, 100),
(41, 29, NULL, 100, 0, 0, 100),
(41, 30, NULL, 100, 0, 0, 100),
(41, 31, NULL, 100, 0, 0, 100),
(41, 32, NULL, 100, 0, 0, 100),
(41, 33, NULL, 100, 0, 0, 100),
(41, 34, NULL, 100, 0, 0, 100),
(41, 35, NULL, 100, 0, 0, 100),
(41, 36, NULL, 100, 0, 0, 100),
(41, 37, NULL, 100, 0, 0, 100),
(41, 38, NULL, 100, 0, 0, 100),
(41, 39, NULL, 100, 0, 0, 100),
(41, 40, NULL, 100, 0, 0, 100),
(41, 41, NULL, 100, 0, 0, 100),
(41, 42, NULL, 100, 0, 0, 100),
(41, 43, NULL, 100, 0, 0, 100),
(41, 44, NULL, 100, 0, 0, 100),
(41, 45, NULL, 100, 0, 0, 100),
(41, 46, NULL, 100, 0, 0, 100),
(41, 47, NULL, 100, 0, 0, 100),
(41, 48, NULL, 100, 0, 0, 100),
(41, 49, NULL, 100, 0, 0, 100),
(41, 50, NULL, 100, 0, 0, 100),
(41, 51, NULL, 100, 0, 0, 100),
(41, 52, NULL, 100, 0, 0, 100),
(41, 53, NULL, 100, 0, 0, 100),
(41, 54, NULL, 100, 0, 0, 100),
(41, 55, NULL, 100, 0, 0, 100),
(41, 56, NULL, 100, 0, 0, 100),
(41, 57, NULL, 100, 0, 0, 100),
(41, 58, NULL, 100, 0, 0, 100),
(41, 59, NULL, 100, 0, 0, 100),
(41, 60, NULL, 100, 0, 0, 100),
(41, 61, NULL, 100, 0, 0, 100),
(41, 62, NULL, 100, 0, 0, 100),
(41, 63, NULL, 100, 0, 0, 100),
(41, 64, NULL, 100, 0, 0, 100),
(41, 65, NULL, 100, 0, 0, 100),
(41, 66, NULL, 100, 0, 0, 100),
(42, 1, NULL, 100, 0, 0, 100),
(42, 2, NULL, 100, 0, 0, 100),
(42, 3, NULL, 100, 0, 0, 100),
(42, 4, NULL, 100, 0, 0, 100),
(42, 5, NULL, 100, 0, 0, 100),
(42, 6, NULL, 100, 0, 0, 100),
(42, 7, NULL, 100, 0, 0, 100),
(42, 8, NULL, 100, 0, 0, 100),
(42, 9, NULL, 100, 0, 0, 100),
(42, 10, NULL, 100, 15, 0, 115),
(42, 11, NULL, 100, 0, 0, 100),
(42, 12, NULL, 100, 0, 0, 100),
(42, 13, NULL, 100, 0, 0, 100),
(42, 14, NULL, 100, 0, 0, 100),
(42, 15, NULL, 100, 55, 0, 155),
(42, 16, NULL, 100, 0, 0, 100),
(42, 17, NULL, 100, 0, 0, 100),
(42, 18, NULL, 100, 0, 0, 100),
(42, 19, NULL, 100, 0, 0, 100),
(42, 20, NULL, 100, 0, 0, 100),
(42, 21, NULL, 100, 0, 0, 100),
(42, 22, NULL, 100, 0, 0, 100),
(42, 23, NULL, 100, 0, 0, 100),
(42, 24, NULL, 100, 0, 0, 100),
(42, 25, NULL, 100, 0, 0, 100),
(42, 26, NULL, 100, 0, 0, 100),
(42, 27, NULL, 100, 0, 0, 100),
(42, 28, NULL, 100, 0, 0, 100),
(42, 29, NULL, 100, 0, 0, 100),
(42, 30, NULL, 100, 0, 0, 100),
(42, 31, NULL, 100, 0, 0, 100),
(42, 32, NULL, 100, 0, 0, 100),
(42, 33, NULL, 100, 0, 0, 100),
(42, 34, NULL, 100, 0, 0, 100),
(42, 35, NULL, 100, 0, 0, 100),
(42, 36, NULL, 100, 0, 0, 100),
(42, 37, NULL, 100, 0, 0, 100),
(42, 38, NULL, 100, 0, 0, 100),
(42, 39, NULL, 100, 0, 0, 100),
(42, 40, NULL, 100, 0, 0, 100),
(42, 41, NULL, 100, 0, 0, 100),
(42, 42, NULL, 100, 0, 0, 100),
(42, 43, NULL, 100, 0, 0, 100),
(42, 44, NULL, 100, 0, 0, 100),
(42, 45, NULL, 100, 0, 0, 100),
(42, 46, NULL, 100, 0, 0, 100),
(42, 47, NULL, 100, 0, 0, 100),
(42, 48, NULL, 100, 0, 0, 100),
(42, 49, NULL, 100, 0, 0, 100),
(42, 50, NULL, 100, 0, 0, 100),
(42, 51, NULL, 100, 0, 0, 100),
(42, 52, NULL, 100, 0, 0, 100),
(42, 53, NULL, 100, 0, 0, 100),
(42, 54, NULL, 100, 0, 0, 100),
(42, 55, NULL, 100, 0, 0, 100),
(42, 56, NULL, 100, 0, 0, 100),
(42, 57, NULL, 100, 0, 0, 100),
(42, 58, NULL, 100, 0, 0, 100),
(42, 59, NULL, 100, 0, 0, 100),
(42, 60, NULL, 100, 0, 0, 100),
(42, 61, NULL, 100, 0, 0, 100),
(42, 62, NULL, 100, 0, 0, 100),
(42, 63, NULL, 100, 0, 0, 100),
(42, 64, NULL, 100, 0, 0, 100),
(42, 65, NULL, 100, 0, 0, 100),
(42, 66, NULL, 100, 0, 0, 100),
(42, 67, NULL, 100, 0, 0, 100),
(42, 68, NULL, 100, 0, 0, 100),
(42, 69, NULL, 100, 10, 0, 110),
(42, 70, NULL, 100, 0, 0, 100),
(42, 71, NULL, 100, 0, 0, 100),
(42, 72, NULL, 100, 0, 0, 100),
(42, 73, NULL, 100, 0, 0, 100),
(42, 74, NULL, 100, 0, 0, 100),
(42, 75, NULL, 100, 0, 0, 100),
(42, 76, NULL, 100, 0, 0, 100),
(42, 77, NULL, 100, 0, 0, 100),
(42, 78, NULL, 100, 0, 0, 100),
(42, 79, NULL, 100, 0, 0, 100),
(42, 80, NULL, 100, 0, 0, 100),
(42, 81, NULL, 100, 10, 0, 110),
(42, 82, NULL, 100, 0, 0, 100),
(42, 83, NULL, 100, 0, 0, 100),
(42, 84, NULL, 100, 0, 0, 100),
(42, 85, NULL, 100, 0, 0, 100),
(42, 86, NULL, 100, 0, 0, 100),
(42, 87, NULL, 100, 0, 0, 100),
(42, 88, NULL, 100, 0, 0, 100),
(42, 89, NULL, 100, 0, 0, 100),
(42, 90, NULL, 100, 0, 0, 100),
(42, 91, NULL, 100, 0, 0, 100),
(42, 92, NULL, 100, 0, 0, 100),
(42, 93, NULL, 100, 0, 0, 100),
(42, 94, NULL, 100, 0, 0, 100),
(42, 95, NULL, 100, 0, 0, 100),
(42, 96, NULL, 100, 0, 0, 100),
(42, 97, NULL, 100, 0, 0, 100),
(42, 98, NULL, 100, 0, 0, 100),
(42, 99, NULL, 100, 0, 0, 100),
(42, 100, NULL, 100, 0, 0, 100);

-- --------------------------------------------------------

--
-- Table structure for table `payouthead`
--

CREATE TABLE IF NOT EXISTS `payouthead` (
  `payoutid` int NOT NULL AUTO_INCREMENT,
  `payoutdate` date DEFAULT NULL,
  `totaljoining` int DEFAULT NULL,
  `totalbonus` double DEFAULT '0',
  `totalrewards` double DEFAULT '0',
  `totallevelincome` double DEFAULT '0',
  `totalpayout` double DEFAULT '0',
  `formonth` varchar(30) DEFAULT NULL,
  KEY `payoutid` (`payoutid`)
) ENGINE=InnoDB AUTO_INCREMENT=43 DEFAULT CHARSET=utf8mb3;

--
-- Dumping data for table `payouthead`
--

INSERT INTO `payouthead` (`payoutid`, `payoutdate`, `totaljoining`, `totalbonus`, `totalrewards`, `totallevelincome`, `totalpayout`, `formonth`) VALUES
(41, '2023-10-07', NULL, 6600, 0, 545, 7145, '08'),
(42, '2023-10-07', NULL, 10000, 0, 90, 10090, '09');

-- --------------------------------------------------------

--
-- Table structure for table `rewarddetails`
--

CREATE TABLE IF NOT EXISTS `rewarddetails` (
  `pid` int DEFAULT NULL,
  `memid` int DEFAULT NULL,
  `submemid` int DEFAULT NULL,
  `jdate` datetime DEFAULT NULL
) ENGINE=InnoDB DEFAULT CHARSET=utf8mb3;

--
-- Dumping data for table `rewarddetails`
--

INSERT INTO `rewarddetails` (`pid`, `memid`, `submemid`, `jdate`) VALUES
(41, 1, 2, '2023-08-27 07:16:19'),
(41, 1, 6, '2023-08-27 08:26:07'),
(41, 1, 10, '2023-08-27 10:21:34'),
(41, 1, 15, '2023-08-27 16:07:33'),
(41, 1, 18, '2023-08-28 04:20:32'),
(41, 1, 19, '2023-08-28 04:22:20'),
(41, 1, 20, '2023-08-28 04:24:51'),
(41, 1, 22, '2023-08-28 04:28:47'),
(41, 1, 23, '2023-08-28 04:30:22'),
(41, 1, 24, '2023-08-28 04:32:37'),
(41, 1, 25, '2023-08-28 04:34:24'),
(41, 1, 32, '2023-08-28 05:20:54'),
(41, 1, 33, '2023-08-28 05:21:56'),
(41, 1, 34, '2023-08-28 05:22:42'),
(41, 1, 37, '2023-08-28 05:40:10'),
(41, 1, 58, '2023-08-28 11:41:42'),
(41, 1, 64, '2023-08-30 12:55:29'),
(41, 2, 3, '2023-08-27 07:28:44'),
(41, 2, 54, '2023-08-28 11:37:13'),
(41, 2, 55, '2023-08-28 11:38:29'),
(41, 2, 56, '2023-08-28 11:39:33'),
(41, 2, 57, '2023-08-28 11:40:51'),
(41, 2, 59, '2023-08-28 11:42:29'),
(41, 2, 60, '2023-08-28 11:43:18'),
(41, 2, 61, '2023-08-28 11:44:25'),
(41, 3, 4, '2023-08-27 07:31:11'),
(41, 3, 5, '2023-08-27 07:34:06'),
(41, 6, 7, '2023-08-27 08:34:00'),
(41, 6, 8, '2023-08-27 08:37:24'),
(41, 6, 9, '2023-08-27 08:39:25'),
(41, 6, 43, '2023-08-28 09:30:57'),
(41, 6, 44, '2023-08-28 09:33:36'),
(41, 6, 45, '2023-08-28 09:34:44'),
(41, 6, 46, '2023-08-28 09:36:14'),
(41, 6, 47, '2023-08-28 09:37:06'),
(41, 6, 48, '2023-08-28 09:37:52'),
(41, 6, 49, '2023-08-28 09:38:41'),
(41, 6, 50, '2023-08-28 09:40:46'),
(41, 6, 51, '2023-08-28 09:41:57'),
(41, 6, 62, '2023-08-29 07:26:57'),
(41, 6, 63, '2023-08-30 07:50:41'),
(41, 6, 66, '2023-08-31 07:51:15'),
(41, 10, 11, '2023-08-27 11:01:50'),
(41, 10, 13, '2023-08-27 11:54:12'),
(41, 10, 14, '2023-08-27 11:59:07'),
(41, 11, 12, '2023-08-27 11:24:54'),
(41, 15, 16, '2023-08-27 16:10:00'),
(41, 15, 27, '2023-08-28 05:10:35'),
(41, 15, 28, '2023-08-28 05:12:38'),
(41, 15, 29, '2023-08-28 05:15:08'),
(41, 16, 17, '2023-08-27 16:12:03'),
(41, 16, 21, '2023-08-28 04:27:15'),
(41, 19, 30, '2023-08-28 05:17:42'),
(41, 21, 26, '2023-08-28 04:36:39'),
(41, 22, 31, '2023-08-28 05:19:40'),
(41, 22, 35, '2023-08-28 05:38:20'),
(41, 22, 36, '2023-08-28 05:39:37'),
(41, 22, 38, '2023-08-28 05:41:13'),
(41, 27, 39, '2023-08-28 05:45:41'),
(41, 27, 40, '2023-08-28 05:48:25'),
(41, 27, 41, '2023-08-28 05:50:25'),
(41, 28, 52, '2023-08-28 11:16:41'),
(41, 28, 53, '2023-08-28 11:23:05'),
(41, 41, 42, '2023-08-28 09:29:04'),
(41, 64, 65, '2023-08-30 13:19:56'),
(42, 1, 70, '2023-09-02 08:42:41'),
(42, 1, 76, '2023-09-04 07:34:49'),
(42, 1, 83, '2023-09-10 06:10:32'),
(42, 1, 96, '2023-09-26 15:12:11'),
(42, 2, 89, '2023-09-21 12:01:10'),
(42, 6, 67, '2023-09-01 07:46:52'),
(42, 6, 68, '2023-09-02 07:46:54'),
(42, 6, 77, '2023-09-04 13:05:52'),
(42, 6, 78, '2023-09-04 13:07:30'),
(42, 6, 79, '2023-09-05 08:26:12'),
(42, 6, 84, '2023-09-11 07:26:47'),
(42, 6, 85, '2023-09-12 08:08:13'),
(42, 6, 86, '2023-09-16 06:16:07'),
(42, 6, 88, '2023-09-21 07:57:57'),
(42, 6, 90, '2023-09-22 08:06:46'),
(42, 6, 91, '2023-09-23 08:01:18'),
(42, 6, 92, '2023-09-23 08:03:44'),
(42, 6, 94, '2023-09-25 07:56:21'),
(42, 6, 97, '2023-09-27 07:41:23'),
(42, 6, 98, '2023-09-28 07:48:24'),
(42, 6, 99, '2023-09-29 08:14:08'),
(42, 10, 69, '2023-09-02 08:03:30'),
(42, 15, 72, '2023-09-03 13:29:16'),
(42, 15, 81, '2023-09-07 05:22:00'),
(42, 20, 93, '2023-09-24 11:44:11'),
(42, 29, 87, '2023-09-18 07:08:30'),
(42, 69, 71, '2023-09-02 09:07:29'),
(42, 71, 80, '2023-09-06 08:45:06'),
(42, 72, 73, '2023-09-03 13:40:14'),
(42, 72, 74, '2023-09-03 13:43:36'),
(42, 72, 75, '2023-09-03 14:00:06'),
(42, 72, 100, '2023-09-30 05:31:35'),
(42, 81, 82, '2023-09-07 05:45:01'),
(42, 82, 95, '2023-09-25 09:00:04');

-- --------------------------------------------------------

--
-- Table structure for table `staffs`
--

CREATE TABLE IF NOT EXISTS `staffs` (
  `userid` int NOT NULL AUTO_INCREMENT,
  `username` varchar(100) DEFAULT NULL,
  `pwd` varchar(20) DEFAULT NULL,
  KEY `userid` (`userid`)
) ENGINE=InnoDB AUTO_INCREMENT=2 DEFAULT CHARSET=utf8mb3;

--
-- Dumping data for table `staffs`
--

INSERT INTO `staffs` (`userid`, `username`, `pwd`) VALUES
(1, 'admin', 'admin@123');

-- --------------------------------------------------------

--
-- Table structure for table `statecode`
--

CREATE TABLE IF NOT EXISTS `statecode` (
  `StateName` varchar(150) DEFAULT NULL,
  `STCode` int DEFAULT NULL
) ENGINE=MyISAM DEFAULT CHARSET=utf8mb3;

--
-- Dumping data for table `statecode`
--

INSERT INTO `statecode` (`StateName`, `STCode`) VALUES
('Jammu & Kashmir', 1),
('Himachal Pradesh', 2),
('Punjab', 3),
('Chandigarh', 4),
('Uttranchal', 5),
('Haryana', 6),
('Delhi', 7),
('Rajasthan', 8),
('Uttar Pradesh', 9),
('Bihar', 10),
('Sikkim', 11),
('Arunachal Pradesh', 12),
('Nagaland', 13),
('Manipur', 14),
('Mizoram', 15),
('Tripura', 16),
('Meghalaya', 17),
('Assam', 18),
('West Bengal', 19),
('Jharkhand', 20),
('Odisha', 21),
('Chhattisgarh', 22),
('Madhya Pradesh', 23),
('Gujarat', 24),
('Daman & Diu', 25),
('Dadra & Nagar Haveli', 26),
('Maharashtra', 27),
('Andhra Pradesh', 28),
('Karnataka', 29),
('Goa', 30),
('Lakshdweep', 31),
('Kerala', 32),
('Tamil Nadu', 33),
('Pondicherry', 34),
('Andaman & Nicobar Islands', 35),
('Telangana', 36);

-- --------------------------------------------------------

--
-- Table structure for table `userlog`
--

CREATE TABLE IF NOT EXISTS `userlog` (
  `UserID` int NOT NULL,
  `LDateTime` timestamp NOT NULL DEFAULT CURRENT_TIMESTAMP,
  `LoginID` varchar(50) NOT NULL,
  `IPAdd` varchar(20) DEFAULT NULL,
  PRIMARY KEY (`UserID`)
) ENGINE=MyISAM DEFAULT CHARSET=utf8mb3;

--
-- Dumping data for table `userlog`
--

INSERT INTO `userlog` (`UserID`, `LDateTime`, `LoginID`, `IPAdd`) VALUES
(82, '2023-09-25 08:50:29', '81-82-2023', '141.0.8.27'),
(3, '2023-08-27 08:10:24', '2-3-2023', '157.41.228.135'),
(11, '2023-08-27 12:37:27', '10-11-2023', '157.41.227.105'),
(16, '2023-08-28 13:57:00', '15-16-2023', '223.187.81.138'),
(89, '2023-09-21 12:48:23', '2-89-2023', '223.231.194.227'),
(22, '2023-09-02 05:57:13', '1-22-2023', '27.60.242.247'),
(32, '2023-08-28 05:25:42', '1-32-2023', '27.60.242.246'),
(83, '2023-09-12 04:35:05', '1-83-2023', '157.41.243.80'),
(28, '2023-09-27 16:15:23', '15-28-2023', '141.0.8.214'),
(15, '2023-09-11 12:54:15', '1-15-2023', '157.41.244.151'),
(10, '2023-10-06 06:20:51', '1-10-2023', '157.41.244.167'),
(64, '2023-09-11 14:02:36', '1-64-2023', '157.41.240.4'),
(70, '2023-09-02 10:27:57', '1-70-2023', '27.60.242.247'),
(71, '2023-10-06 14:17:17', '69-71-2023', '223.176.117.198'),
(76, '2023-09-04 07:37:28', '1-76-2023', '106.208.255.241'),
(20, '2023-09-24 11:51:30', '1-20-2023', '223.187.82.245'),
(81, '2023-09-07 06:21:40', '15-81-2023', '157.41.197.156'),
(2, '2023-10-06 06:14:10', '1-2-2023', '157.41.244.167'),
(27, '2023-09-11 12:49:54', '15-27-2023', '157.41.244.151'),
(29, '2023-09-18 10:54:30', '15-29-2023', '157.41.228.166'),
(87, '2023-09-18 11:01:15', '29-87-2023', '157.41.228.166'),
(93, '2023-09-24 11:54:18', '20-93-2023', '223.187.82.245'),
(6, '2023-10-07 05:25:30', '1-6-2023', '152.57.202.124'),
(1, '2023-10-06 03:03:05', '1-1-2023', '157.41.245.237'),
(96, '2023-09-26 15:22:47', '1-96-2023', '157.41.248.96'),
(39, '2023-09-27 04:51:39', '27-39-2023', '141.0.9.166'),
(100, '2023-10-03 05:56:18', '72-100-2023', '106.207.82.235'),
(18, '2023-10-04 08:08:54', '1-18-2023', '106.207.82.239');

-- --------------------------------------------------------

--
-- Table structure for table `userlogbk`
--

CREATE TABLE IF NOT EXISTS `userlogbk` (
  `UserID` int NOT NULL,
  `LDateTime` timestamp NOT NULL DEFAULT CURRENT_TIMESTAMP,
  `LoginID` varchar(50) NOT NULL,
  `IPAdd` varchar(20) DEFAULT NULL
) ENGINE=MyISAM DEFAULT CHARSET=utf8mb3;

--
-- Dumping data for table `userlogbk`
--

INSERT INTO `userlogbk` (`UserID`, `LDateTime`, `LoginID`, `IPAdd`) VALUES
(1, '2023-08-26 15:15:38', '1-1-2023', '110.224.97.124'),
(1, '2023-08-27 07:11:21', '1-1-2023', '157.41.224.235'),
(3, '2023-08-27 08:10:24', '2-3-2023', '157.41.228.135'),
(11, '2023-08-27 12:37:27', '10-11-2023', '157.41.227.105'),
(1, '2023-08-28 04:16:22', '1-1-2023', '27.60.242.246'),
(16, '2023-08-28 04:43:07', '15-16-2023', '27.60.242.246'),
(10, '2023-08-28 04:54:07', '1-10-2023', '27.60.242.246'),
(22, '2023-08-28 05:23:30', '1-22-2023', '27.60.242.246'),
(22, '2023-08-28 05:24:35', '1-22-2023', '27.60.242.246'),
(32, '2023-08-28 05:25:42', '1-32-2023', '27.60.242.246'),
(1, '2023-08-28 05:32:10', '1-1-2023', '27.60.242.246'),
(22, '2023-08-28 05:42:05', '1-22-2023', '27.60.242.246'),
(1, '2023-08-28 08:31:03', '1-1-2023', '157.41.224.14'),
(2, '2023-08-28 08:32:50', '1-2-2023', '157.41.241.161'),
(10, '2023-08-28 11:05:19', '1-10-2023', '27.60.242.246'),
(28, '2023-08-28 11:14:21', '15-28-2023', '27.60.242.246'),
(28, '2023-08-28 11:28:00', '15-28-2023', '27.60.242.246'),
(15, '2023-08-28 11:28:59', '1-15-2023', '27.60.242.246'),
(1, '2023-08-28 11:55:29', '1-1-2023', '27.60.242.246'),
(16, '2023-08-28 13:54:14', '15-16-2023', '223.187.81.138'),
(16, '2023-08-28 13:57:00', '15-16-2023', '223.187.81.138'),
(6, '2023-08-29 07:28:00', '1-6-2023', '27.60.242.246'),
(6, '2023-08-29 07:36:08', '1-6-2023', '27.60.242.246'),
(1, '2023-08-30 07:48:08', '1-1-2023', '117.97.211.190'),
(6, '2023-08-30 07:52:52', '1-6-2023', '117.97.211.190'),
(64, '2023-08-30 13:03:39', '1-64-2023', '117.97.211.190'),
(64, '2023-08-30 13:22:43', '1-64-2023', '117.97.211.190'),
(1, '2023-08-31 05:49:32', '1-1-2023', '117.99.40.162'),
(1, '2023-08-31 07:32:43', '1-1-2023', '117.97.211.190'),
(6, '2023-08-31 07:35:55', '1-6-2023', '117.97.211.190'),
(6, '2023-08-31 07:38:11', '1-6-2023', '157.41.252.130'),
(6, '2023-08-31 08:14:42', '1-6-2023', '157.41.255.9'),
(0, '2023-08-31 08:47:40', '1-1-2023', '49.37.117.178'),
(1, '2023-08-31 08:48:03', '1-1-2023', '49.37.117.178'),
(1, '2023-08-31 18:14:00', '1-1-2023', '117.99.40.162'),
(1, '2023-09-01 03:38:37', '1-1-2023', '117.99.47.162'),
(6, '2023-09-01 03:40:32', '1-6-2023', '117.99.47.162'),
(0, '2023-09-01 03:54:02', 'admin', '117.99.47.162'),
(6, '2023-09-01 07:44:10', '1-6-2023', '157.41.196.86'),
(1, '2023-09-01 10:22:50', '1-1-2023', '117.99.47.162'),
(6, '2023-09-01 12:07:13', '1-6-2023', '117.97.211.190'),
(1, '2023-09-01 12:08:31', '1-1-2023', '117.97.211.190'),
(6, '2023-09-02 04:32:37', '1-6-2023', '27.60.242.247'),
(1, '2023-09-02 04:33:33', '1-1-2023', '27.60.242.247'),
(2, '2023-09-02 04:34:29', '1-2-2023', '49.37.117.56'),
(1, '2023-09-02 05:48:54', '1-1-2023', '27.60.242.247'),
(1, '2023-09-02 05:50:03', '1-1-2023', '27.60.242.247'),
(1, '2023-09-02 05:52:06', '1-1-2023', '27.60.242.247'),
(1, '2023-09-02 05:56:47', '1-1-2023', '27.60.242.247'),
(22, '2023-09-02 05:57:13', '1-22-2023', '27.60.242.247'),
(6, '2023-09-02 05:57:54', '1-6-2023', '27.60.242.247'),
(6, '2023-09-02 07:26:32', '1-6-2023', '27.60.242.247'),
(6, '2023-09-02 07:48:47', '1-6-2023', '157.41.195.97'),
(1, '2023-09-02 07:58:24', '1-1-2023', '27.60.242.247'),
(10, '2023-09-02 07:59:53', '1-10-2023', '27.60.242.247'),
(69, '2023-09-02 08:08:12', '10-69-2023', '106.221.150.173'),
(1, '2023-09-02 08:27:49', '1-1-2023', '27.60.242.247'),
(69, '2023-09-02 08:31:14', '10-69-2023', '27.60.242.247'),
(69, '2023-09-02 08:40:31', '10-69-2023', '106.221.150.173'),
(70, '2023-09-02 08:46:47', '1-70-2023', '27.60.242.247'),
(70, '2023-09-02 08:55:06', '1-70-2023', '27.60.242.247'),
(69, '2023-09-02 08:58:44', '10-69-2023', '27.60.242.247'),
(70, '2023-09-02 08:59:32', '1-70-2023', '27.60.242.247'),
(69, '2023-09-02 08:59:36', '10-69-2023', '106.221.150.173'),
(1, '2023-09-02 09:00:19', '1-1-2023', '27.60.242.247'),
(69, '2023-09-02 09:17:35', '10-69-2023', '106.221.150.173'),
(71, '2023-09-02 09:18:31', '69-71-2023', '106.221.150.173'),
(1, '2023-09-02 10:15:03', '1-1-2023', '27.60.242.247'),
(69, '2023-09-02 10:19:32', '10-69-2023', '27.60.242.247'),
(71, '2023-09-02 10:20:52', '69-71-2023', '27.60.242.247'),
(70, '2023-09-02 10:27:57', '1-70-2023', '27.60.242.247'),
(71, '2023-09-02 10:34:02', '69-71-2023', '27.60.242.247'),
(6, '2023-09-02 10:34:59', '1-6-2023', '27.60.242.247'),
(1, '2023-09-03 13:17:16', '1-1-2023', '27.60.242.234'),
(1, '2023-09-03 14:59:18', '1-1-2023', '27.60.242.234'),
(71, '2023-09-03 18:03:54', '69-71-2023', '110.224.99.129'),
(1, '2023-09-04 01:56:51', '1-1-2023', '157.41.225.46'),
(1, '2023-09-04 02:58:48', '1-1-2023', '157.41.225.254'),
(1, '2023-09-04 07:17:33', '1-1-2023', '117.97.210.134'),
(6, '2023-09-04 07:18:20', '1-6-2023', '117.97.210.134'),
(76, '2023-09-04 07:37:28', '1-76-2023', '106.208.255.241'),
(6, '2023-09-04 07:52:38', '1-6-2023', '157.41.195.127'),
(6, '2023-09-04 13:08:40', '1-6-2023', '117.97.210.134'),
(1, '2023-09-05 04:53:13', '1-1-2023', '117.97.215.189'),
(6, '2023-09-06 08:29:42', '1-6-2023', '117.97.210.134'),
(71, '2023-09-06 08:40:42', '69-71-2023', '223.176.99.177'),
(71, '2023-09-06 08:41:26', '69-71-2023', '223.176.99.177'),
(80, '2023-09-06 08:56:33', '71-80-2023', '223.176.99.177'),
(1, '2023-09-06 08:59:20', '1-1-2023', '117.97.210.134'),
(69, '2023-09-06 09:01:57', '10-69-2023', '117.97.210.134'),
(1, '2023-09-06 09:47:58', '1-1-2023', '117.97.210.134'),
(80, '2023-09-06 15:05:56', '71-80-2023', '223.176.99.177'),
(69, '2023-09-06 15:06:24', '10-69-2023', '223.176.99.177'),
(80, '2023-09-06 15:07:10', '71-80-2023', '223.176.99.177'),
(71, '2023-09-07 04:51:57', '69-71-2023', '157.41.194.14'),
(80, '2023-09-07 04:53:02', '71-80-2023', '157.41.194.14'),
(69, '2023-09-07 05:10:29', '10-69-2023', '157.41.194.14'),
(81, '2023-09-07 05:40:16', '15-81-2023', '157.41.192.229'),
(80, '2023-09-07 06:20:00', '71-80-2023', '223.187.86.174'),
(69, '2023-09-07 06:20:12', '10-69-2023', '223.187.86.174'),
(71, '2023-09-07 06:20:46', '69-71-2023', '223.187.86.174'),
(15, '2023-09-07 06:20:52', '1-15-2023', '157.41.197.156'),
(81, '2023-09-07 06:21:40', '15-81-2023', '157.41.197.156'),
(1, '2023-09-08 22:46:08', '1-1-2023', '49.37.117.173'),
(1, '2023-09-10 04:25:09', '1-1-2023', '117.97.215.189'),
(20, '2023-09-10 04:27:56', '1-20-2023', '117.97.215.189'),
(1, '2023-09-10 06:04:01', '1-1-2023', '117.97.215.189'),
(6, '2023-09-11 06:45:45', '1-6-2023', '157.41.193.151'),
(6, '2023-09-11 07:07:30', '1-6-2023', '157.41.195.250'),
(1, '2023-09-11 11:20:23', '1-1-2023', '223.231.226.235'),
(83, '2023-09-11 11:22:10', '1-83-2023', '223.231.226.235'),
(1, '2023-09-11 11:52:07', '1-1-2023', '157.41.242.127'),
(1, '2023-09-11 12:22:49', '1-1-2023', '157.41.240.128'),
(1, '2023-09-11 12:35:02', '1-1-2023', '157.41.244.151'),
(2, '2023-09-11 12:36:25', '1-2-2023', '157.41.244.151'),
(27, '2023-09-11 12:49:54', '15-27-2023', '157.41.244.151'),
(15, '2023-09-11 12:54:15', '1-15-2023', '157.41.244.151'),
(1, '2023-09-11 13:26:38', '1-1-2023', '157.41.244.151'),
(64, '2023-09-11 14:02:36', '1-64-2023', '157.41.240.4'),
(1, '2023-09-11 14:12:34', '1-1-2023', '157.41.240.4'),
(1, '2023-09-12 04:33:50', '1-1-2023', '157.41.243.80'),
(83, '2023-09-12 04:35:05', '1-83-2023', '157.41.243.80'),
(1, '2023-09-12 04:37:06', '1-1-2023', '157.41.243.80'),
(6, '2023-09-13 15:23:05', '1-6-2023', '157.41.224.54'),
(1, '2023-09-15 07:30:18', '1-1-2023', '157.41.226.218'),
(10, '2023-09-15 07:31:53', '1-10-2023', '157.41.226.138'),
(6, '2023-09-15 10:32:38', '1-6-2023', '157.41.226.31'),
(6, '2023-09-16 06:14:48', '1-6-2023', '157.41.229.169'),
(6, '2023-09-16 18:26:46', '1-6-2023', '157.41.224.161'),
(6, '2023-09-18 02:31:14', '1-6-2023', '157.41.250.126'),
(6, '2023-09-18 02:32:13', '1-6-2023', '157.41.250.126'),
(1, '2023-09-18 06:44:55', '1-1-2023', '157.41.225.139'),
(29, '2023-09-18 06:46:41', '15-29-2023', '157.41.225.139'),
(87, '2023-09-18 07:10:13', '29-87-2023', '157.41.225.146'),
(29, '2023-09-18 07:23:12', '15-29-2023', '157.41.224.103'),
(29, '2023-09-18 10:54:30', '15-29-2023', '157.41.228.166'),
(87, '2023-09-18 11:01:15', '29-87-2023', '157.41.228.166'),
(1, '2023-09-18 17:49:03', '1-1-2023', '157.41.228.52'),
(1, '2023-09-19 03:33:32', '1-1-2023', '157.41.224.147'),
(0, '2023-09-19 04:08:16', '1-1-2023', '157.41.228.131'),
(1, '2023-09-19 04:08:34', '1-1-2023', '157.41.228.131'),
(10, '2023-09-19 04:17:12', '1-10-2023', '27.60.210.224'),
(10, '2023-09-19 04:17:49', '1-10-2023', '157.41.228.175'),
(0, '2023-09-19 04:22:36', '1-1-2023', '157.41.228.175'),
(1, '2023-09-19 13:14:18', '1-1-2023', '157.41.225.244'),
(1, '2023-09-20 10:44:13', '1-1-2023', '223.231.194.249'),
(6, '2023-09-20 10:55:12', '1-6-2023', '223.231.194.249'),
(6, '2023-09-21 07:51:29', '1-6-2023', '223.231.194.227'),
(6, '2023-09-21 07:54:37', '1-6-2023', '223.231.194.227'),
(1, '2023-09-21 11:55:46', '1-1-2023', '223.231.194.227'),
(89, '2023-09-21 12:08:37', '2-89-2023', '223.231.194.227'),
(89, '2023-09-21 12:48:23', '2-89-2023', '223.231.194.227'),
(6, '2023-09-21 12:53:11', '1-6-2023', '223.231.194.227'),
(10, '2023-09-23 05:46:21', '1-10-2023', '223.231.194.246'),
(1, '2023-09-24 11:40:48', '1-1-2023', '223.187.82.245'),
(20, '2023-09-24 11:51:30', '1-20-2023', '223.187.82.245'),
(93, '2023-09-24 11:54:18', '20-93-2023', '223.187.82.245'),
(6, '2023-09-24 12:25:04', '1-6-2023', '223.187.82.245'),
(1, '2023-09-24 12:49:10', '1-1-2023', '106.193.243.203'),
(1, '2023-09-25 02:15:53', '1-1-2023', '152.57.208.78'),
(1, '2023-09-25 05:13:32', '1-1-2023', '152.57.231.12'),
(6, '2023-09-25 07:44:24', '1-6-2023', '223.187.82.239'),
(6, '2023-09-25 07:48:07', '1-6-2023', '223.187.82.239'),
(1, '2023-09-25 08:25:53', '1-1-2023', '157.41.254.161'),
(1, '2023-09-25 08:27:39', '1-1-2023', '110.224.108.243'),
(1, '2023-09-25 08:29:10', '1-1-2023', '106.216.66.228'),
(1, '2023-09-25 08:42:05', '1-1-2023', '157.41.251.228'),
(1, '2023-09-25 08:43:02', '1-1-2023', '157.41.251.228'),
(1, '2023-09-25 08:47:25', '1-1-2023', '141.0.8.27'),
(1, '2023-09-25 08:48:01', '1-1-2023', '141.0.8.27'),
(82, '2023-09-25 08:50:29', '81-82-2023', '141.0.8.27'),
(1, '2023-09-25 11:06:02', '1-1-2023', '152.57.241.97'),
(6, '2023-09-25 15:29:19', '1-6-2023', '157.41.226.124'),
(6, '2023-09-25 17:46:48', '1-6-2023', '141.0.8.250'),
(1, '2023-09-26 15:08:32', '1-1-2023', '106.216.66.247'),
(96, '2023-09-26 15:17:24', '1-96-2023', '141.0.8.115'),
(96, '2023-09-26 15:22:47', '1-96-2023', '157.41.248.96'),
(1, '2023-09-27 04:34:29', '1-1-2023', '106.216.66.244'),
(1, '2023-09-27 04:36:07', '1-1-2023', '106.216.66.244'),
(6, '2023-09-27 04:39:47', '1-6-2023', '106.216.66.244'),
(1, '2023-09-27 04:40:55', '1-1-2023', '106.216.66.244'),
(1, '2023-09-27 04:42:27', '1-1-2023', '106.216.66.244'),
(1, '2023-09-27 04:45:37', '1-1-2023', '141.0.9.166'),
(39, '2023-09-27 04:51:39', '27-39-2023', '141.0.9.166'),
(6, '2023-09-27 07:35:15', '1-6-2023', '141.0.9.198'),
(6, '2023-09-27 07:47:52', '1-6-2023', '157.41.251.60'),
(6, '2023-09-27 07:48:14', '1-6-2023', '157.41.251.60'),
(6, '2023-09-27 07:48:30', '1-6-2023', '141.0.8.92'),
(6, '2023-09-27 07:49:16', '1-6-2023', '157.41.251.60'),
(6, '2023-09-27 07:49:55', '1-6-2023', '157.41.251.60'),
(6, '2023-09-27 07:50:04', '1-6-2023', '157.41.251.60'),
(6, '2023-09-27 07:50:23', '1-6-2023', '141.0.8.92'),
(6, '2023-09-27 07:54:34', '1-6-2023', '157.41.251.60'),
(1, '2023-09-27 16:07:44', '1-1-2023', '141.0.8.214'),
(28, '2023-09-27 16:15:23', '15-28-2023', '141.0.8.214'),
(6, '2023-09-29 08:11:40', '1-6-2023', '157.41.224.95'),
(6, '2023-09-29 08:12:27', '1-6-2023', '157.41.255.217'),
(6, '2023-09-29 08:12:57', '1-6-2023', '141.0.9.218'),
(6, '2023-09-29 22:42:42', '1-6-2023', '157.41.228.49'),
(6, '2023-09-29 22:49:26', '1-6-2023', '157.41.228.49'),
(6, '2023-09-30 01:22:55', '1-6-2023', '157.41.249.237'),
(6, '2023-09-30 01:23:23', '1-6-2023', '157.41.249.237'),
(6, '2023-09-30 01:24:25', '1-6-2023', '157.41.249.237'),
(1, '2023-09-30 05:19:16', '1-1-2023', '141.0.9.219'),
(100, '2023-09-30 05:50:05', '72-100-2023', '141.0.8.110'),
(100, '2023-09-30 06:09:45', '72-100-2023', '141.0.8.136'),
(6, '2023-10-01 03:39:05', '1-6-2023', '157.41.251.154'),
(6, '2023-10-01 03:39:39', '1-6-2023', '157.41.251.154'),
(6, '2023-10-01 03:44:40', '1-6-2023', '157.41.251.154'),
(6, '2023-10-01 03:52:53', '1-6-2023', '157.41.251.154'),
(6, '2023-10-01 03:54:50', '1-6-2023', '157.41.251.154'),
(6, '2023-10-01 03:56:54', '1-6-2023', '157.41.240.202'),
(6, '2023-10-01 04:01:37', '1-6-2023', '157.41.240.202'),
(6, '2023-10-01 04:02:55', '1-6-2023', '157.41.240.202'),
(6, '2023-10-01 04:03:52', '1-6-2023', '157.41.240.202'),
(6, '2023-10-01 04:04:54', '1-6-2023', '157.41.240.202'),
(10, '2023-10-01 09:49:30', '1-10-2023', '152.57.211.56'),
(6, '2023-10-02 01:37:39', '1-6-2023', '157.41.252.228'),
(6, '2023-10-02 01:39:07', '1-6-2023', '157.41.252.228'),
(1, '2023-10-02 03:42:38', '1-1-2023', '141.0.9.143'),
(1, '2023-10-02 03:49:00', '1-1-2023', '141.0.9.163'),
(6, '2023-10-02 04:04:49', '1-6-2023', '141.0.9.163'),
(1, '2023-10-02 07:48:52', '1-1-2023', '141.0.9.253'),
(1, '2023-10-02 11:36:33', '1-1-2023', '141.0.9.73'),
(6, '2023-10-02 15:40:26', '1-6-2023', '157.41.252.161'),
(1, '2023-10-03 05:54:55', '1-1-2023', '106.207.82.235'),
(100, '2023-10-03 05:56:18', '72-100-2023', '106.207.82.235'),
(1, '2023-10-03 13:55:21', '1-1-2023', '141.0.9.169'),
(2, '2023-10-04 08:06:05', '1-2-2023', '106.207.82.239'),
(1, '2023-10-04 08:07:30', '1-1-2023', '106.207.82.239'),
(18, '2023-10-04 08:08:54', '1-18-2023', '106.207.82.239'),
(71, '2023-10-04 13:26:07', '69-71-2023', '106.208.237.115'),
(1, '2023-10-05 04:51:04', '1-1-2023', '157.41.244.109'),
(1, '2023-10-05 07:28:21', '1-1-2023', '157.41.242.79'),
(1, '2023-10-06 03:03:05', '1-1-2023', '157.41.245.237'),
(2, '2023-10-06 06:14:10', '1-2-2023', '157.41.244.167'),
(10, '2023-10-06 06:20:51', '1-10-2023', '157.41.244.167'),
(0, '2023-10-06 11:11:58', 'admin', '152.57.199.145'),
(0, '2023-10-06 11:12:05', 'admin', '152.57.199.145'),
(71, '2023-10-06 14:13:30', '69-71-2023', '223.176.117.198'),
(71, '2023-10-06 14:17:17', '69-71-2023', '223.176.117.198'),
(6, '2023-10-07 05:25:30', '1-6-2023', '152.57.202.124');

-- --------------------------------------------------------

--
-- Table structure for table `withdrawreq`
--

CREATE TABLE IF NOT EXISTS `withdrawreq` (
  `slno` int NOT NULL AUTO_INCREMENT,
  `reqdate` datetime DEFAULT NULL,
  `memid` int DEFAULT NULL,
  `amount` double DEFAULT NULL,
  `status` varchar(10) DEFAULT 'On Hold',
  KEY `slno` (`slno`)
) ENGINE=InnoDB AUTO_INCREMENT=21 DEFAULT CHARSET=utf8mb3;
COMMIT;

/*!40101 SET CHARACTER_SET_CLIENT=@OLD_CHARACTER_SET_CLIENT */;
/*!40101 SET CHARACTER_SET_RESULTS=@OLD_CHARACTER_SET_RESULTS */;
/*!40101 SET COLLATION_CONNECTION=@OLD_COLLATION_CONNECTION */;
